country,region,Male_2000_Population,Male_2000_CVD,Female_2000_Population,Female_2000_CVD,Male_2015,Female_2015,Male_2014,Female_2014,Male_2013,Female_2013,Male_2012,Female_2012,Male_2011,Female_2011,Male_2010,Female_2010,Male_2009,Female_2009,Male_2008,Female_2008,Male_2007,Female_2007,Male_2006,Female_2006,Male_2005,Female_2005,Male_2004,Female_2004,Male_2003,Male_2002,Female_2002,Male_2001,Female_2001,Male_2000,Female_2000,Male_1999,Female_1999,Male_1998,Female_1998,Male_1997,Female_1997,Male_1996,Female_1996,Male_1995,Female_1995,Male_1994,Female_1994,Male_1993,Female_1993,Male_1992,Female_1992,Male_1991,Female_1991,Male_1990,Female_1990,Male_1989,Female_1989,Male_1988,Female_1988,Male_1987,Female_1987,Male_1986,Female_1986,Male_1985,Female_1985,Male_1984,Female_1984,Male_1983,Female_1983,Male_1982,Female_1982,Male_1981,Female_1981,Male_1980,Female_1980,Male_1979,Female_1979,Male_1978,Female_1978,Male_1977,Female_1977,Male_1976,Female_1976,Male_1975,Female_1975
Afghanistan,Asia,10347000,613.3,9747000,470.5,126.5,125.1,126.4,125,126.4,124.9,126.3,124.8,126.2,124.7,126.1,124.6,126,124.4,125.9,124.3,125.8,124.1,125.7,124,125.6,123.8,125.5,123.7,125.3,125.1,123.4,125,123.2,124.8,123,124.6,122.9,124.4,122.7,124.3,122.6,124.1,122.4,123.9,122.3,123.7,122.2,123.6,122,123.4,121.9,123.3,121.7,123.2,121.6,123,121.4,122.9,121.2,122.8,121.1,122.7,120.9,122.5,120.8,122.4,120.6,122.2,120.4,122.1,120.3,121.9,120.1,121.8,119.9,121.6,119.7,121.5,119.5,121.4,119.3,121.2,119.1,121.1,118.9
Albania,Europe,1578000,126.4,1544000,85.5,136.1,129.4,135.9,129.4,135.6,129.4,135.4,129.4,135.2,129.4,134.9,129.3,134.7,129.3,134.4,129.2,134.2,129.1,133.9,129,133.6,128.9,133.3,128.8,133,132.8,128.7,132.5,128.6,132.3,128.5,132.1,128.5,131.9,128.5,131.7,128.5,131.5,128.6,131.4,128.6,131.3,128.7,131.2,128.8,131.2,128.9,131.2,128.9,131.2,129,131.2,129.1,131.2,129.2,131.3,129.3,131.3,129.4,131.4,129.5,131.4,129.6,131.5,129.7,131.5,129.8,131.6,129.8,131.7,129.9,131.8,130,131.8,130.1,131.9,130.2,132,130.3,132.1,130.4
Algeria,Africa,15803000,759.3,15381000,724.7,127.6,124.2,127.6,124.6,127.6,124.9,127.7,125.2,127.7,125.5,127.7,125.8,127.7,126.1,127.6,126.4,127.6,126.7,127.6,127,127.6,127.2,127.6,127.5,127.5,127.5,127.9,127.5,128.1,127.5,128.2,127.5,128.4,127.5,128.5,127.5,128.7,127.5,128.8,127.5,128.9,127.5,129,127.5,129.1,127.5,129.1,127.5,129.2,127.5,129.2,127.5,129.2,127.5,129.2,127.4,129.1,127.4,129.1,127.3,129,127.3,129,127.2,128.9,127.1,128.8,127.1,128.7,127.1,128.7,127,128.6,127,128.5,127,128.5,126.9,128.4,126.9,128.3
Angola,Africa,8034000,328.2,8407000,341.3,130.8,128.4,130.8,128.5,130.8,128.5,130.8,128.5,130.8,128.5,130.8,128.5,130.8,128.5,130.7,128.5,130.7,128.5,130.6,128.4,130.6,128.3,130.5,128.3,130.4,130.4,128.1,130.3,128,130.3,127.9,130.3,127.8,130.2,127.7,130.2,127.7,130.2,127.6,130.1,127.5,130.1,127.4,130,127.2,130,127.1,129.9,127,129.8,126.8,129.7,126.6,129.6,126.5,129.4,126.3,129.3,126.1,129.2,125.9,129.1,125.7,129,125.6,129,125.4,128.9,125.2,128.8,125,128.7,124.9,128.6,124.7,128.5,124.5,128.5,124.3,128.4,124.1
Antigua and Barbuda,Americas,39000,2.3,44000,2,129.3,123.2,129.1,123,128.9,122.8,128.7,122.6,128.5,122.4,128.3,122.3,128.1,122.1,127.9,121.9,127.8,121.8,127.6,121.6,127.5,121.5,127.4,121.4,127.3,127.2,121.3,127.1,121.2,127.1,121.2,127,121.2,127,121.2,127,121.2,127,121.2,127,121.3,126.9,121.3,126.9,121.4,126.9,121.4,126.8,121.5,126.8,121.5,126.7,121.6,126.6,121.6,126.6,121.7,126.5,121.7,126.4,121.8,126.4,121.8,126.4,121.9,126.4,121.9,126.4,122,126.4,122,126.4,122,126.4,122.1,126.4,122.1,126.5,122.2,126.5,122.2
Argentina,Americas,18131000,1200.7,18926000,838.8,128.4,120.5,128.3,120.5,128.3,120.5,128.3,120.5,128.2,120.5,128.2,120.5,128.1,120.5,128.1,120.5,128.1,120.5,128,120.5,128,120.6,128,120.6,128,128,120.8,128,120.9,128,121,128.1,121.1,128.1,121.2,128.1,121.4,128.2,121.6,128.3,121.7,128.4,121.9,128.5,122.1,128.6,122.3,128.8,122.4,129,122.6,129.1,122.8,129.3,122.9,129.4,123.1,129.6,123.3,129.7,123.5,129.9,123.7,130,123.9,130.1,124.1,130.3,124.3,130.4,124.6,130.5,124.8,130.7,125,130.8,125.3,131,125.5,131.1,125.7
Armenia,Asia,1441000,130.7,1629000,118.9,133.1,128.4,133,128.5,132.9,128.5,132.7,128.6,132.6,128.7,132.4,128.7,132.3,128.8,132.1,128.8,132,128.9,131.9,129,131.8,129,131.6,129,131.6,131.5,129.1,131.4,129.2,131.3,129.2,131.3,129.3,131.3,129.3,131.3,129.4,131.3,129.5,131.3,129.6,131.3,129.7,131.4,129.8,131.4,129.9,131.5,130,131.5,130.1,131.5,130.2,131.6,130.3,131.6,130.5,131.7,130.6,131.7,130.7,131.8,130.8,131.8,130.9,131.9,131,131.9,131.1,131.9,131.2,131.9,131.3,131.9,131.4,131.9,131.4,131.9,131.5,131.8,131.5
Australia,Oceania,9512000,483.6,9554000,385.4,123.9,115.5,124.1,115.7,124.4,116,124.7,116.2,125,116.5,125.2,116.7,125.5,117,125.8,117.3,126.1,117.5,126.3,117.8,126.6,118.1,126.9,118.4,127.2,127.5,119.1,127.7,119.4,128,119.7,128.3,120.1,128.6,120.4,128.9,120.7,129.1,121,129.3,121.3,129.6,121.7,129.8,122,130,122.2,130.2,122.5,130.4,122.8,130.7,123.1,130.9,123.4,131.1,123.7,131.4,124,131.6,124.4,131.9,124.7,132.1,125.1,132.4,125.4,132.6,125.8,132.8,126.2,133,126.6,133.1,127,133.3,127.4,133.4,127.8,133.6,128.2
Austria,Europe,3916000,325.5,4153000,327.1,127.6,120.1,127.8,120.4,128,120.7,128.3,121,128.5,121.3,128.7,121.6,129,121.8,129.2,122.1,129.4,122.4,129.7,122.7,129.9,123,130.1,123.3,130.3,130.5,123.8,130.7,124.1,130.8,124.4,131,124.6,131.2,124.9,131.3,125.2,131.4,125.4,131.6,125.6,131.7,125.9,131.8,126.1,132,126.3,132.1,126.5,132.2,126.7,132.3,126.8,132.3,127,132.4,127.1,132.5,127.3,132.5,127.5,132.6,127.6,132.7,127.8,132.7,127.9,132.8,128.1,132.9,128.3,132.9,128.5,133,128.6,133,128.8,133.1,129,133.1,129.2
Azerbaijan,Asia,3971000,361.4,4151000,305.5,130.3,126.2,130.2,126.2,130,126.2,129.9,126.1,129.8,126.1,129.6,126.1,129.5,126.1,129.4,126,129.3,126,129.1,126,129,126,128.9,126,128.8,128.7,125.9,128.6,125.9,128.6,126,128.5,126,128.5,126,128.5,126.1,128.5,126.2,128.5,126.3,128.5,126.4,128.5,126.5,128.5,126.6,128.6,126.7,128.6,126.8,128.6,126.9,128.7,127,128.7,127.2,128.7,127.3,128.8,127.4,128.8,127.5,128.8,127.7,128.9,127.8,128.9,127.9,128.9,128.1,129,128.2,129,128.3,129,128.4,129,128.5,129,128.7
Bahamas,Americas,145000,6.7,153000,5.8,128.8,121,128.8,121.1,128.9,121.2,128.9,121.4,128.9,121.5,128.9,121.6,128.9,121.7,128.9,121.8,128.9,122,128.9,122.1,128.9,122.2,128.9,122.4,128.9,128.9,122.7,129,122.9,129,123.1,129.1,123.3,129.2,123.5,129.3,123.8,129.4,124,129.6,124.2,129.7,124.4,129.8,124.7,129.9,124.9,130,125.1,130.1,125.3,130.1,125.5,130.2,125.7,130.2,125.9,130.2,126,130.2,126.2,130.3,126.4,130.3,126.5,130.3,126.7,130.4,126.8,130.4,127,130.5,127.1,130.5,127.3,130.6,127.4,130.7,127.5,130.7,127.7
Bahrain,Asia,381000,12,283000,7.7,126.8,119.8,126.9,120.1,126.9,120.4,126.9,120.6,127,120.9,127,121.2,127,121.4,127,121.7,127.1,122,127.1,122.2,127.1,122.5,127.1,122.8,127.2,127.2,123.3,127.2,123.6,127.3,123.9,127.4,124.2,127.5,124.5,127.6,124.9,127.7,125.2,127.8,125.5,128,125.9,128.1,126.3,128.3,126.6,128.5,127,128.7,127.4,128.9,127.7,129,128.1,129.2,128.5,129.4,128.8,129.5,129.2,129.7,129.5,129.8,129.8,130,130.2,130.1,130.5,130.2,130.9,130.4,131.2,130.6,131.5,130.7,131.8,130.9,132.2,131.1,132.5
Bangladesh,Asia,67145000,1800.4,64437000,2079.4,119.5,119.2,119.7,119.5,119.8,119.7,119.9,119.9,120,120.1,120.1,120.3,120.2,120.5,120.3,120.7,120.4,120.8,120.5,121,120.6,121.1,120.6,121.2,120.7,120.7,121.3,120.7,121.3,120.7,121.3,120.6,121.3,120.6,121.3,120.5,121.3,120.5,121.3,120.4,121.2,120.3,121.1,120.2,121,120.1,120.9,120,120.7,119.9,120.6,119.7,120.4,119.6,120.2,119.4,120,119.3,119.8,119.1,119.5,118.9,119.3,118.7,119,118.5,118.7,118.3,118.4,118.1,118.1,117.8,117.8,117.6,117.5,117.4,117.2,117.1,116.9,116.9,116.6
Barbados,Americas,130000,9.5,140000,9.2,129.9,124.7,129.8,124.7,129.6,124.7,129.4,124.7,129.3,124.7,129.1,124.7,129,124.6,128.8,124.6,128.7,124.6,128.6,124.6,128.5,124.6,128.4,124.6,128.4,128.3,124.7,128.3,124.7,128.3,124.8,128.3,124.8,128.2,124.9,128.2,125,128.2,125,128.2,125.1,128.2,125.2,128.3,125.2,128.3,125.3,128.3,125.4,128.4,125.5,128.4,125.6,128.5,125.7,128.6,125.8,128.6,125.9,128.7,126,128.7,126.1,128.8,126.2,128.8,126.2,128.8,126.3,128.8,126.3,128.7,126.3,128.6,126.3,128.5,126.3,128.4,126.3,128.3,126.3
Belarus,Europe,4663000,980.1,5271000,877.9,134.9,125.5,134.8,125.7,134.8,125.9,134.7,126.1,134.7,126.3,134.6,126.4,134.6,126.6,134.5,126.8,134.5,127,134.5,127.2,134.6,127.4,134.6,127.5,134.7,134.7,127.9,134.8,128.1,134.8,128.3,134.9,128.5,134.9,128.8,135,129,135,129.2,135.1,129.4,135.2,129.6,135.3,129.8,135.4,130,135.5,130.2,135.6,130.4,135.7,130.5,135.8,130.7,135.8,130.8,135.9,130.9,135.9,130.9,135.9,131,135.9,131,135.8,131,135.8,131,135.7,131,135.6,131,135.5,130.9,135.4,130.9,135.3,130.8,135.1,130.7
Belgium,Europe,5035000,362.1,5247000,320.4,129.5,121.2,129.6,121.2,129.7,121.3,129.7,121.3,129.8,121.3,129.9,121.3,130,121.3,130,121.4,130.1,121.4,130.1,121.5,130.1,121.6,130.2,121.7,130.2,130.2,121.9,130.3,122.1,130.3,122.2,130.4,122.4,130.5,122.7,130.6,122.9,130.7,123.2,130.9,123.4,131,123.7,131.1,124,131.3,124.3,131.4,124.6,131.6,124.9,131.8,125.2,132,125.6,132.2,126,132.5,126.4,132.7,126.9,133,127.3,133.3,127.8,133.7,128.3,134,128.9,134.3,129.4,134.7,129.9,135,130.4,135.3,131,135.6,131.5,135.9,132
Belize,Americas,125000,5.7,123000,4.6,125.8,118.8,125.7,118.7,125.6,118.7,125.5,118.6,125.5,118.5,125.4,118.4,125.3,118.3,125.2,118.3,125.2,118.2,125.1,118.2,125.1,118.2,125.1,118.2,125.1,125.1,118.3,125.1,118.4,125.1,118.5,125.1,118.6,125.2,118.7,125.2,118.8,125.3,118.9,125.3,119.1,125.4,119.2,125.5,119.4,125.6,119.6,125.7,119.8,125.8,119.9,125.9,120.1,126,120.3,126.1,120.5,126.2,120.6,126.2,120.8,126.3,121,126.3,121.2,126.4,121.4,126.4,121.6,126.4,121.8,126.5,122,126.5,122.2,126.5,122.4,126.6,122.6,126.6,122.8
Benin,Africa,3383000,135.8,3483000,137.7,127.8,125.5,128.1,125.7,128.4,126,128.7,126.3,128.9,126.5,129.2,126.8,129.5,127,129.7,127.2,130,127.4,130.1,127.5,130.3,127.6,130.4,127.7,130.4,130.5,127.8,130.6,127.9,130.6,127.9,130.7,127.9,130.7,127.9,130.7,127.9,130.7,127.8,130.8,127.8,130.8,127.7,130.8,127.6,130.7,127.5,130.7,127.4,130.7,127.2,130.6,127.1,130.5,126.9,130.5,126.7,130.4,126.5,130.3,126.3,130.1,126.1,130,125.8,129.9,125.6,129.7,125.3,129.5,125,129.3,124.7,129.1,124.4,128.9,124.1,128.6,123.8,128.4,123.4
Bhutan,Asia,293000,15.7,281000,15.4,127.9,126.2,127.8,126,127.6,125.9,127.5,125.8,127.3,125.6,127.2,125.5,127,125.3,126.8,125.2,126.7,125,126.5,124.8,126.3,124.6,126.1,124.4,125.9,125.7,124,125.5,123.8,125.3,123.7,125.1,123.5,124.9,123.3,124.7,123.1,124.5,122.9,124.3,122.7,124.2,122.6,124,122.4,123.9,122.2,123.7,122,123.6,121.8,123.4,121.6,123.3,121.4,123.1,121.2,123,121,122.8,120.8,122.7,120.6,122.6,120.5,122.4,120.3,122.3,120.1,122.2,119.9,122,119.7,121.9,119.5,121.8,119.4,121.7,119.2,121.6,119
Bolivia (Plurinational State of),Americas,4181000,254,4158000,223.9,124.5,120,124.4,120.1,124.3,120.1,124.1,120.1,124,120.2,123.9,120.2,123.8,120.2,123.7,120.3,123.6,120.3,123.5,120.4,123.4,120.4,123.4,120.5,123.4,123.4,120.7,123.4,120.8,123.4,120.9,123.4,121.1,123.4,121.2,123.5,121.3,123.6,121.5,123.6,121.6,123.7,121.7,123.8,121.9,123.9,122,124,122.1,124.1,122.2,124.1,122.3,124.2,122.3,124.2,122.4,124.3,122.4,124.3,122.4,124.3,122.4,124.2,122.4,124.2,122.4,124.1,122.4,124.1,122.4,124,122.4,124,122.5,123.9,122.5,123.9,122.5,123.9,122.6
Bosnia and Herzegovina,Europe,1850000,218.6,1917000,195.2,132.8,128.2,132.6,128.4,132.4,128.5,132.1,128.6,131.9,128.8,131.6,128.9,131.4,129,131.2,129.1,130.9,129.3,130.6,129.4,130.4,129.5,130.2,129.6,129.9,129.7,129.7,129.5,129.8,129.4,129.9,129.2,130,129.2,130.1,129.1,130.2,129,130.3,129,130.4,129,130.5,129,130.6,129,130.6,129,130.7,129,130.7,129,130.8,128.9,130.8,128.9,130.8,128.9,130.8,128.9,130.8,128.8,130.7,128.7,130.7,128.7,130.6,128.6,130.5,128.5,130.4,128.4,130.3,128.3,130.2,128.2,130.1,128.1,129.9,128,129.8
Botswana,Africa,852000,27.4,876000,25.2,132.4,129.3,132.4,129.4,132.4,129.5,132.3,129.6,132.3,129.7,132.2,129.8,132.2,129.9,132.2,130,132.1,130,132.1,130.1,132.1,130.1,132.1,130.2,132.1,132.2,130.3,132.2,130.3,132.2,130.3,132.2,130.4,132.2,130.4,132.2,130.4,132.2,130.3,132.1,130.3,132,130.2,131.9,130.1,131.7,129.9,131.5,129.7,131.3,129.4,131.2,129.1,131,128.8,130.8,128.4,130.6,128.1,130.4,127.7,130.3,127.4,130.1,127.1,130,126.7,129.9,126.4,129.8,126.1,129.7,125.8,129.6,125.5,129.5,125.2,129.3,124.9,129.2,124.6
Brazil,Americas,86623000,5133.2,88664000,3910.4,133.3,124.3,133.2,124.3,133,124.3,132.8,124.3,132.6,124.3,132.4,124.3,132.2,124.3,132,124.3,131.8,124.4,131.7,124.4,131.5,124.5,131.4,124.6,131.3,131.2,124.9,131.2,125.1,131.2,125.3,131.2,125.6,131.2,125.8,131.2,126.1,131.3,126.4,131.4,126.7,131.5,127.1,131.7,127.4,131.8,127.7,131.9,128,132.1,128.3,132.2,128.5,132.3,128.8,132.4,129,132.5,129.2,132.5,129.3,132.6,129.5,132.7,129.6,132.7,129.8,132.7,129.9,132.7,129.9,132.7,130,132.7,130.1,132.7,130.1,132.7,130.2,132.7,130.2
Brunei Darussalam,Asia,169000,5,164000,3.1,126.2,118.8,126.3,118.9,126.3,119,126.3,119.2,126.4,119.3,126.4,119.4,126.4,119.5,126.4,119.6,126.5,119.7,126.5,119.8,126.5,119.9,126.5,120,126.4,126.4,120.2,126.4,120.3,126.4,120.5,126.4,120.6,126.4,120.7,126.4,120.8,126.4,120.9,126.5,121.1,126.5,121.2,126.5,121.3,126.6,121.4,126.6,121.5,126.7,121.6,126.7,121.7,126.7,121.8,126.7,121.9,126.7,122,126.7,122.1,126.7,122.2,126.7,122.3,126.7,122.5,126.8,122.6,126.8,122.8,126.9,123,127,123.2,127,123.4,127.1,123.6,127.1,123.7
Bulgaria,Europe,3898000,892.5,4100000,710.4,134.2,125.1,134.1,125.3,134,125.5,133.9,125.7,133.9,125.9,133.8,126,133.8,126.2,133.7,126.4,133.6,126.6,133.6,126.7,133.5,126.9,133.5,127.1,133.5,133.5,127.4,133.6,127.6,133.6,127.8,133.6,128,133.7,128.3,133.8,128.5,133.9,128.7,134,129,134.1,129.2,134.2,129.5,134.3,129.7,134.4,130,134.4,130.2,134.5,130.4,134.5,130.6,134.4,130.8,134.4,131,134.3,131.2,134.3,131.4,134.2,131.5,134.2,131.6,134.1,131.7,134,131.8,133.9,131.9,133.8,131.9,133.7,132,133.6,132,133.4,132
Burkina Faso,Africa,5702000,207.5,5906000,210.9,128,125.1,128.2,125.4,128.4,125.7,128.7,126,128.9,126.2,129.1,126.4,129.2,126.6,129.4,126.8,129.5,126.9,129.6,127,129.7,127.1,129.7,127.1,129.7,129.7,127.1,129.7,127.1,129.7,127,129.7,127,129.7,126.9,129.6,126.8,129.6,126.7,129.5,126.6,129.5,126.5,129.4,126.3,129.4,126.1,129.3,125.9,129.2,125.7,129.1,125.4,129,125.2,128.8,124.9,128.7,124.6,128.5,124.3,128.3,124,128.1,123.6,127.9,123.3,127.7,123,127.5,122.6,127.3,122.3,127.1,122,126.9,121.7,126.7,121.4,126.5,121.1
Burundi,Africa,3141000,100.4,3260000,111,130.5,128.9,130.3,128.6,130.2,128.4,130,128.2,129.8,127.9,129.6,127.7,129.5,127.4,129.3,127.1,129.1,126.8,128.8,126.5,128.6,126.3,128.4,126,128.2,127.9,125.4,127.7,125.1,127.5,124.8,127.3,124.5,127.1,124.3,126.9,124,126.8,123.8,126.6,123.5,126.4,123.3,126.2,123,126.1,122.7,125.9,122.5,125.7,122.2,125.6,122,125.4,121.7,125.2,121.4,125.1,121.2,124.9,120.9,124.8,120.7,124.6,120.4,124.5,120.2,124.4,120,124.3,119.8,124.2,119.6,124.1,119.4,124,119.2,123.9,119,123.8,118.8
Cambodia,Asia,5906000,236.9,6246000,255.5,124.1,118,124,118,124,118,123.9,118,123.8,118,123.7,118,123.6,118,123.5,118,123.4,118,123.3,118,123.1,118,123,117.9,122.9,122.7,117.9,122.6,117.9,122.5,117.9,122.3,117.9,122.2,117.8,122.1,117.8,122,117.8,121.9,117.7,121.8,117.6,121.7,117.5,121.5,117.4,121.4,117.3,121.3,117.2,121.2,117,121.1,116.9,120.9,116.7,120.8,116.5,120.7,116.3,120.5,116.1,120.4,115.9,120.2,115.6,120.1,115.4,119.9,115.2,119.8,115,119.7,114.9,119.7,114.8,119.6,114.8,119.6,114.8
Cameroon,Africa,7614000,364.8,7661000,346,130.1,126.5,130.2,126.5,130.3,126.5,130.3,126.5,130.4,126.4,130.4,126.4,130.4,126.4,130.4,126.3,130.4,126.2,130.4,126.1,130.3,126,130.2,125.8,130.1,130.1,125.5,130,125.4,129.9,125.2,129.8,125.1,129.8,125,129.7,124.9,129.7,124.8,129.7,124.7,129.6,124.7,129.6,124.6,129.6,124.5,129.5,124.4,129.5,124.3,129.5,124.3,129.4,124.2,129.4,124.2,129.3,124.1,129.3,124.1,129.3,124,129.2,124,129.2,123.9,129.2,123.9,129.2,123.8,129.1,123.8,129.1,123.7,129.1,123.6,129,123.5,128.9,123.3
Canada,Americas,15225000,808.4,15511000,622.1,118.4,111.3,118.8,111.7,119.2,112.2,119.7,112.7,120.1,113.1,120.5,113.6,121,114.1,121.4,114.5,121.8,115,122.2,115.5,122.6,115.9,123,116.4,123.4,123.8,117.3,124.2,117.8,124.6,118.2,125,118.6,125.3,118.9,125.7,119.3,126,119.6,126.3,119.9,126.5,120.2,126.8,120.4,127,120.6,127.1,120.7,127.3,120.9,127.4,121,127.5,121.1,127.6,121.2,127.7,121.4,127.8,121.5,127.9,121.6,128,121.8,128.1,121.9,128.2,122,128.3,122.2,128.3,122.3,128.4,122.5,128.4,122.7,128.4,122.8,128.4,123
Central African Republic,Africa,1848000,93.7,1907000,99,130.9,129.4,130.9,129.3,130.9,129.3,130.9,129.2,130.9,129.2,130.8,129.1,130.8,129,130.8,128.9,130.7,128.8,130.7,128.7,130.6,128.6,130.6,128.5,130.5,130.5,128.4,130.4,128.3,130.4,128.2,130.3,128.2,130.3,128.1,130.3,128,130.3,128,130.2,127.9,130.2,127.9,130.2,127.8,130.2,127.7,130.2,127.7,130.2,127.6,130.1,127.5,130.1,127.4,130.1,127.3,130.1,127.3,130.1,127.2,130,127.1,130,127,130,126.9,129.9,126.8,129.9,126.7,129.8,126.6,129.7,126.5,129.6,126.4,129.5,126.2,129.4,126.1
Chad,Africa,4155000,202.6,4187000,169.5,130.7,129.5,130.8,129.5,130.8,129.5,130.9,129.5,131,129.5,131.1,129.4,131.1,129.4,131.2,129.4,131.2,129.3,131.2,129.2,131.2,129.1,131.1,129,131.1,131.1,128.8,131,128.6,131,128.5,130.9,128.4,130.8,128.2,130.8,128.1,130.7,128,130.7,127.8,130.6,127.6,130.6,127.5,130.5,127.3,130.4,127.1,130.3,126.9,130.3,126.8,130.2,126.6,130.1,126.4,130,126.2,129.9,126,129.8,125.8,129.7,125.6,129.5,125.4,129.4,125.1,129.2,124.9,129,124.6,128.8,124.4,128.6,124.1,128.5,123.8,128.3,123.5
Chile,Americas,7546000,274.3,7717000,215.7,128.3,119.7,128.3,119.8,128.3,120,128.3,120.1,128.3,120.3,128.2,120.4,128.2,120.6,128.1,120.7,128.1,120.9,128.1,121.1,128.1,121.2,128.1,121.4,128.1,128.1,121.9,128.1,122.1,128.2,122.4,128.2,122.6,128.2,122.9,128.2,123.1,128.2,123.4,128.3,123.7,128.4,124,128.4,124.2,128.5,124.5,128.6,124.7,128.7,125,128.8,125.2,128.9,125.5,129,125.7,129.1,125.9,129.3,126.2,129.4,126.4,129.5,126.6,129.6,126.8,129.8,127,129.9,127.2,130,127.4,130.1,127.5,130.2,127.7,130.4,127.8,130.5,128
China,Asia,662480000,33268.2,627810000,30892.8,126.1,121.5,125.9,121.3,125.7,121.1,125.5,120.9,125.3,120.6,125.1,120.4,124.9,120.2,124.6,119.9,124.4,119.7,124.2,119.5,124.1,119.3,123.9,119.2,123.8,123.6,119.1,123.5,119.1,123.4,119.1,123.3,119.1,123.1,119.1,123,119.1,122.9,119.1,122.8,119.1,122.7,119.1,122.6,119.1,122.4,119.1,122.3,119.1,122.3,119,122.2,119,122.1,119,122.1,118.9,122,118.9,122,118.8,121.9,118.8,121.9,118.7,121.8,118.6,121.8,118.5,121.7,118.4,121.6,118.4,121.6,118.3,121.5,118.2,121.5,118.2,121.5,118.1
Colombia,Americas,19981000,805.5,20423000,692.3,126.4,119.1,126.3,119.2,126.1,119.2,125.9,119.3,125.8,119.3,125.6,119.4,125.5,119.4,125.3,119.5,125.2,119.5,125.1,119.6,124.9,119.7,124.8,119.7,124.8,124.7,119.9,124.7,120.1,124.7,120.2,124.7,120.3,124.8,120.5,124.8,120.7,124.9,120.8,124.9,121,125,121.1,125.1,121.3,125.2,121.5,125.3,121.6,125.4,121.8,125.5,121.9,125.7,122.1,125.8,122.2,125.9,122.4,126,122.5,126.1,122.6,126.2,122.7,126.3,122.8,126.4,122.9,126.4,123,126.5,123.1,126.6,123.2,126.6,123.3,126.7,123.4,126.8,123.5
Comoros,Africa,273000,12.2,270000,10.5,130.3,129.1,130.2,128.9,130,128.8,129.9,128.7,129.8,128.5,129.7,128.4,129.6,128.3,129.5,128.1,129.3,127.9,129.2,127.8,129.1,127.6,128.9,127.4,128.8,128.7,127.1,128.6,127,128.5,126.9,128.4,126.7,128.3,126.6,128.2,126.5,128.1,126.4,128.1,126.3,128,126.2,127.9,126.1,127.8,126,127.7,125.8,127.7,125.7,127.6,125.5,127.6,125.4,127.5,125.3,127.5,125.2,127.5,125,127.5,124.9,127.5,124.8,127.5,124.7,127.5,124.6,127.5,124.5,127.5,124.3,127.4,124.2,127.4,124.1,127.3,123.9,127.3,123.8
Congo,Africa,1611000,73.5,1615000,86.9,130.4,128,130.5,128.2,130.6,128.3,130.6,128.4,130.7,128.6,130.8,128.7,130.8,128.8,130.9,128.9,130.9,129,130.9,129.1,130.9,129.1,131,129.2,131,131.1,129.4,131.1,129.4,131.2,129.5,131.3,129.6,131.3,129.6,131.4,129.7,131.5,129.8,131.5,129.8,131.6,129.9,131.6,129.9,131.7,129.9,131.7,130,131.7,130,131.7,130,131.7,130,131.7,129.9,131.7,129.9,131.7,129.9,131.6,129.8,131.6,129.7,131.5,129.7,131.5,129.6,131.4,129.5,131.3,129.4,131.3,129.3,131.2,129.1,131.1,129,131,128.9
Costa Rica,Americas,1970000,66.8,1955000,46.7,126.2,120.2,126.2,120.3,126.3,120.4,126.3,120.4,126.4,120.5,126.4,120.5,126.4,120.6,126.5,120.7,126.5,120.7,126.6,120.8,126.6,120.8,126.6,120.9,126.7,126.7,121,126.7,121,126.8,121.1,126.8,121.2,126.8,121.3,126.8,121.3,126.8,121.4,126.8,121.5,126.8,121.6,126.8,121.6,126.8,121.7,126.8,121.8,126.8,121.8,126.8,121.9,126.8,121.9,126.8,122,126.8,122,126.7,122,126.7,122.1,126.6,122.1,126.5,122.1,126.4,122.2,126.3,122.2,126.2,122.2,126,122.2,125.9,122.2,125.7,122.2,125.6,122.2
Côte d'Ivoire,Africa,8610000,461.7,8077000,362.2,132.8,128,132.9,128.2,133,128.3,133.2,128.5,133.3,128.6,133.4,128.7,133.5,128.8,133.6,128.9,133.7,128.9,133.7,129,133.8,129,133.8,129,133.7,133.7,129,133.7,129,133.7,129,133.6,128.9,133.6,128.9,133.6,128.9,133.5,128.9,133.5,128.8,133.4,128.8,133.4,128.7,133.3,128.6,133.3,128.5,133.2,128.4,133.2,128.4,133.1,128.3,133.1,128.2,133,128.1,133,127.9,132.9,127.8,132.9,127.7,132.8,127.6,132.7,127.4,132.6,127.3,132.4,127.1,132.2,126.9,132,126.7,131.8,126.4,131.6,126.2
Croatia,Europe,2132000,269.8,2296000,259.5,137.2,127.5,137,127.6,136.7,127.6,136.5,127.6,136.3,127.6,136,127.6,135.8,127.6,135.6,127.6,135.3,127.6,135.1,127.6,134.9,127.6,134.6,127.6,134.4,134.3,127.6,134.1,127.7,134,127.7,133.9,127.8,133.8,128,133.8,128.1,133.7,128.3,133.7,128.4,133.7,128.6,133.7,128.8,133.8,128.9,133.8,129.1,133.9,129.3,133.9,129.4,134,129.6,134,129.7,134.1,129.9,134.1,130,134.1,130.1,134.2,130.2,134.2,130.3,134.1,130.4,134.1,130.4,134.1,130.4,134,130.5,133.9,130.5,133.9,130.5,133.8,130.4
Cuba,Americas,5594000,367.9,5556000,287.5,123.5,117.6,123.5,117.8,123.6,117.9,123.6,118.1,123.7,118.2,123.7,118.3,123.7,118.5,123.8,118.7,123.9,118.8,124.1,119,124.2,119.2,124.4,119.5,124.6,124.8,119.9,125,120.2,125.2,120.4,125.4,120.7,125.6,121,125.9,121.2,126.1,121.5,126.3,121.7,126.5,122,126.7,122.3,126.9,122.5,127,122.8,127.1,123,127.2,123.2,127.3,123.4,127.4,123.6,127.4,123.8,127.5,123.9,127.5,124.1,127.5,124.3,127.5,124.4,127.5,124.6,127.5,124.7,127.5,124.8,127.5,124.9,127.5,125,127.4,125.1,127.4,125.2
Cyprus,Asia,475000,31.1,468000,21.8,126.5,118.1,126.7,118.4,126.9,118.7,127,118.9,127.2,119.2,127.4,119.5,127.6,119.8,127.8,120,127.9,120.3,128,120.6,128.2,120.8,128.2,121.1,128.3,128.4,121.6,128.5,121.9,128.5,122.1,128.6,122.4,128.6,122.6,128.7,122.9,128.7,123.1,128.7,123.3,128.7,123.5,128.7,123.7,128.7,123.9,128.7,124,128.7,124.2,128.7,124.3,128.6,124.4,128.6,124.5,128.6,124.6,128.6,124.7,128.5,124.7,128.5,124.8,128.4,124.7,128.4,124.7,128.3,124.6,128.2,124.4,128.1,124.3,128,124.2,127.9,124,127.8,123.9
Czechia,Europe,5006000,580.7,5284000,514.9,131.6,121,131.6,121.1,131.5,121.3,131.5,121.5,131.4,121.6,131.4,121.8,131.4,122,131.3,122.2,131.3,122.3,131.2,122.5,131.2,122.7,131.1,122.9,131.1,131,123.4,131,123.6,131,123.9,131.1,124.2,131.2,124.6,131.3,125,131.5,125.3,131.6,125.7,131.8,126.2,132,126.6,132.2,127,132.4,127.4,132.6,127.8,132.8,128.2,133,128.5,133.2,128.9,133.4,129.2,133.6,129.6,133.8,129.9,133.9,130.1,134,130.4,134.1,130.6,134.2,130.8,134.2,131,134.3,131.1,134.3,131.2,134.3,131.4,134.3,131.5
Denmark,Europe,2643000,198.1,2698000,166.1,127.3,119.3,127.7,119.6,128.2,119.9,128.6,120.1,129,120.4,129.5,120.7,129.9,121,130.3,121.2,130.7,121.5,131,121.8,131.3,122.1,131.5,122.4,131.8,132,122.9,132.2,123.2,132.4,123.5,132.6,123.7,132.7,124,132.8,124.2,132.9,124.4,132.9,124.6,132.8,124.7,132.8,124.9,132.7,125,132.7,125.1,132.7,125.2,132.7,125.3,132.8,125.4,132.9,125.5,133,125.7,133.1,125.8,133.3,126,133.4,126.2,133.6,126.4,133.7,126.6,133.8,126.8,133.9,127,134,127.2,134,127.4,134.1,127.6,134.2,127.8
Djibouti,Africa,361000,16.7,357000,13.6,129.9,126.7,130,126.9,130.1,127,130.1,127.1,130.2,127.2,130.2,127.4,130.3,127.5,130.3,127.6,130.3,127.7,130.3,127.8,130.3,127.8,130.3,127.9,130.4,130.4,128.1,130.4,128.2,130.4,128.3,130.5,128.4,130.6,128.5,130.6,128.6,130.7,128.8,130.8,128.9,130.9,129,131,129.1,131.2,129.3,131.3,129.4,131.4,129.5,131.6,129.6,131.7,129.7,131.8,129.8,131.9,129.9,132,130.1,132.1,130.2,132.2,130.3,132.3,130.3,132.4,130.4,132.5,130.5,132.5,130.5,132.5,130.5,132.6,130.5,132.6,130.6,132.6,130.6
Dominican Republic,Americas,4291000,227.1,4271000,174.6,127.5,122.2,127.5,122.4,127.5,122.5,127.5,122.7,127.5,122.8,127.5,122.9,127.4,123,127.4,123.1,127.4,123.2,127.3,123.3,127.3,123.3,127.2,123.4,127.2,127.1,123.5,127.1,123.6,127,123.7,126.9,123.7,126.9,123.8,126.8,123.8,126.8,123.8,126.8,123.9,126.7,124,126.7,124,126.7,124.1,126.7,124.2,126.8,124.2,126.8,124.3,126.8,124.4,126.8,124.5,126.8,124.5,126.8,124.6,126.8,124.6,126.7,124.6,126.7,124.6,126.6,124.6,126.6,124.6,126.5,124.5,126.4,124.4,126.3,124.4,126.2,124.3,126.1,124.2
Ecuador,Americas,6331000,222.7,6297000,177.7,124.6,119.2,124.4,119.1,124.2,119.1,124,119.1,123.8,119.1,123.6,119.1,123.4,119.1,123.2,119.1,123,119.1,122.9,119.1,122.8,119.1,122.7,119.1,122.6,122.5,119.3,122.5,119.4,122.5,119.5,122.5,119.6,122.5,119.7,122.6,119.8,122.6,120,122.7,120.1,122.7,120.2,122.8,120.3,122.9,120.4,123,120.5,123,120.6,123.1,120.7,123.2,120.8,123.3,120.9,123.3,121,123.4,121,123.4,121.1,123.4,121.1,123.4,121.1,123.4,121.2,123.3,121.2,123.3,121.2,123.2,121.2,123.1,121.2,123.1,121.2,123,121.2
Egypt,Africa,35164000,2150.9,34742000,1918.8,129.3,126.1,129.1,126.2,129,126.2,128.8,126.3,128.7,126.3,128.5,126.4,128.3,126.4,128.2,126.5,128,126.5,127.8,126.6,127.6,126.6,127.5,126.7,127.3,127.2,126.8,127,126.9,126.9,126.9,126.8,127,126.8,127.1,126.7,127.2,126.7,127.3,126.7,127.4,126.7,127.5,126.7,127.6,126.8,127.7,126.8,127.8,126.8,127.9,126.9,128,126.9,128,126.9,128.1,127,128.2,127,128.3,127.1,128.3,127.1,128.4,127.2,128.4,127.2,128.5,127.3,128.5,127.3,128.6,127.3,128.6,127.4,128.6,127.4,128.6,127.4,128.6
El Salvador,Americas,2827000,121.3,3040000,108.5,124.3,118.6,124.2,118.7,124.2,118.7,124.1,118.7,124,118.7,124,118.7,123.9,118.7,123.8,118.7,123.8,118.7,123.7,118.8,123.6,118.8,123.6,118.9,123.6,123.5,119.1,123.5,119.2,123.5,119.3,123.5,119.4,123.5,119.5,123.5,119.6,123.5,119.7,123.6,119.8,123.6,120,123.7,120.1,123.7,120.2,123.8,120.3,123.8,120.4,123.9,120.6,123.9,120.7,123.9,120.8,123.9,120.8,124,120.9,124,121,124,121.1,124,121.2,123.9,121.3,123.9,121.3,123.9,121.4,123.8,121.5,123.8,121.5,123.8,121.6,123.7,121.6
Equatorial Guinea,Africa,318000,18.9,296000,15.1,131,127.8,131,127.8,130.9,127.8,130.9,127.8,130.9,127.7,130.9,127.7,130.8,127.7,130.8,127.7,130.8,127.6,130.7,127.6,130.7,127.6,130.7,127.5,130.6,130.6,127.4,130.6,127.4,130.6,127.4,130.6,127.4,130.6,127.3,130.6,127.3,130.7,127.3,130.7,127.2,130.6,127.2,130.6,127.1,130.6,127,130.6,126.9,130.5,126.8,130.4,126.6,130.4,126.5,130.3,126.4,130.2,126.3,130.1,126.2,130.1,126.1,130,126,129.9,125.9,129.9,125.8,129.8,125.8,129.8,125.7,129.7,125.6,129.7,125.6,129.7,125.5,129.6,125.4
Eritrea,Africa,1696000,90.7,1697000,77.9,124.5,121.6,124.5,121.5,124.4,121.5,124.4,121.4,124.4,121.3,124.3,121.3,124.3,121.2,124.2,121.1,124.2,121,124.1,120.9,124,120.9,124,120.8,123.9,123.8,120.6,123.7,120.6,123.7,120.5,123.6,120.5,123.6,120.4,123.5,120.4,123.5,120.3,123.4,120.2,123.4,120.2,123.3,120.1,123.2,120,123.2,119.9,123.1,119.7,123,119.6,123,119.5,122.9,119.4,122.8,119.2,122.8,119.1,122.7,119,122.7,118.9,122.6,118.8,122.6,118.7,122.6,118.6,122.5,118.5,122.4,118.4,122.4,118.2,122.3,118.1,122.2,118
Estonia,Europe,653000,110.6,747000,102.4,135.5,124.5,135.1,124.4,134.7,124.3,134.4,124.2,134,124.1,133.7,124,133.4,124,133.1,124,132.9,124,132.6,124,132.4,124.1,132.2,124.2,132.1,132,124.6,132,124.8,132,125.1,132,125.5,132.1,125.8,132.3,126.2,132.5,126.6,132.7,127,133,127.5,133.2,127.9,133.5,128.3,133.7,128.7,134,129.2,134.2,129.6,134.5,130,134.7,130.4,134.9,130.7,135.2,131.1,135.4,131.5,135.5,131.8,135.7,132.1,135.9,132.4,136,132.7,136.1,132.9,136.3,133.2,136.4,133.4,136.5,133.7,136.6,133.9
Ethiopia,Africa,33177000,1317.6,33361000,1057.4,128.3,127.2,128.2,127,128,126.7,127.9,126.4,127.7,126.2,127.6,125.9,127.4,125.6,127.3,125.3,127.1,125,126.9,124.7,126.7,124.4,126.5,124.1,126.3,126.1,123.5,125.9,123.2,125.7,123,125.6,122.7,125.4,122.5,125.2,122.2,125,122,124.9,121.8,124.7,121.6,124.6,121.3,124.4,121.1,124.2,120.9,124.1,120.6,123.9,120.4,123.8,120.2,123.7,120,123.5,119.7,123.4,119.5,123.3,119.4,123.3,119.2,123.2,119,123.1,118.9,123.1,118.7,123,118.6,122.9,118.5,122.8,118.3,122.8,118.2,122.7,118
Fiji,Oceania,412000,40.8,399000,23.7,130.7,127.6,130.5,127.4,130.4,127.3,130.2,127.1,130,126.9,129.9,126.8,129.7,126.6,129.5,126.4,129.3,126.2,129.2,126.1,129,125.9,128.8,125.7,128.7,128.6,125.4,128.5,125.3,128.4,125.1,128.2,125,128.1,124.9,128.1,124.7,128,124.6,127.9,124.5,127.8,124.4,127.7,124.2,127.7,124.1,127.6,124,127.6,123.9,127.5,123.8,127.5,123.7,127.5,123.6,127.4,123.5,127.4,123.5,127.4,123.4,127.4,123.4,127.3,123.3,127.3,123.3,127.2,123.2,127.2,123.2,127.1,123.1,127.1,123.1,127,123,127,123
Finland,Europe,2533000,227.7,2655000,178.1,126.9,119,127.2,119.4,127.5,119.7,127.9,120.1,128.2,120.4,128.5,120.8,128.8,121.2,129.1,121.6,129.5,121.9,129.8,122.3,130.1,122.7,130.4,123.1,130.7,131,123.9,131.3,124.4,131.6,124.8,132,125.3,132.3,125.7,132.7,126.1,133,126.6,133.3,127,133.6,127.3,133.9,127.7,134.1,128,134.3,128.2,134.5,128.5,134.7,128.6,134.9,128.8,135,129,135.2,129.1,135.3,129.2,135.4,129.4,135.5,129.5,135.6,129.7,135.7,129.8,135.8,129.9,135.8,130.1,135.8,130.2,135.8,130.3,135.7,130.4,135.7,130.5
France,Europe,29224000,1610.8,30384000,1316,127,116.9,127.3,117.2,127.6,117.5,127.9,117.8,128.1,118.1,128.4,118.4,128.7,118.7,128.9,119,129.1,119.3,129.4,119.6,129.5,119.9,129.7,120.2,129.8,130,120.8,130.1,121.1,130.2,121.5,130.3,121.8,130.5,122.2,130.6,122.5,130.8,122.9,131,123.3,131.2,123.7,131.4,124.2,131.7,124.6,132,125,132.2,125.4,132.5,125.8,132.8,126.3,133.1,126.7,133.3,127.1,133.6,127.5,133.8,127.8,134.1,128.2,134.3,128.5,134.5,128.9,134.6,129.2,134.8,129.5,134.9,129.8,135,130.1,135.1,130.4,135.2,130.7
Gabon,Africa,611000,21.3,620000,27,130.4,125.5,130.5,125.7,130.6,126,130.7,126.2,130.8,126.4,130.9,126.7,131,126.9,131.1,127.1,131.2,127.3,131.3,127.5,131.4,127.6,131.5,127.8,131.6,131.7,128.1,131.9,128.3,132,128.4,132.1,128.6,132.2,128.7,132.3,128.8,132.5,129,132.6,129.1,132.7,129.1,132.8,129.2,132.9,129.3,132.9,129.3,132.9,129.3,132.9,129.3,132.9,129.3,132.8,129.2,132.7,129.2,132.5,129.1,132.4,129,132.2,128.8,132,128.7,131.8,128.5,131.6,128.2,131.3,127.9,131.1,127.6,130.8,127.3,130.6,126.9,130.3,126.6
Gambia,Africa,612000,28.8,620000,22.8,132,131,132.1,131,132.2,131,132.3,131,132.4,130.9,132.5,130.9,132.5,130.8,132.5,130.7,132.6,130.6,132.6,130.4,132.5,130.3,132.5,130.1,132.5,132.4,129.8,132.4,129.6,132.3,129.5,132.3,129.3,132.2,129.1,132.2,129,132.1,128.9,132.1,128.7,132,128.6,132,128.5,131.9,128.3,131.9,128.2,131.8,128,131.7,127.9,131.7,127.8,131.6,127.6,131.5,127.5,131.5,127.4,131.4,127.2,131.3,127.1,131.3,127,131.2,126.9,131.1,126.7,131,126.6,130.9,126.5,130.8,126.3,130.7,126.1,130.5,126
Georgia,Asia,2238000,365.9,2484000,323.3,134.3,127.5,134.2,127.5,134,127.4,133.9,127.4,133.8,127.4,133.7,127.4,133.5,127.4,133.4,127.3,133.2,127.3,133.1,127.3,132.9,127.3,132.8,127.3,132.7,132.6,127.3,132.5,127.4,132.5,127.4,132.4,127.4,132.4,127.5,132.4,127.6,132.4,127.6,132.4,127.7,132.3,127.8,132.3,127.8,132.3,127.9,132.3,128,132.2,128,132.2,128.1,132.2,128.1,132.1,128.2,132.1,128.2,132.1,128.3,132,128.3,132,128.3,131.9,128.3,131.8,128.4,131.8,128.4,131.7,128.4,131.7,128.4,131.6,128.5,131.5,128.5,131.4,128.5
Germany,Europe,39680000,3408.7,41807000,3271.3,126.3,116.8,126.8,117.4,127.2,117.9,127.6,118.4,128.1,118.9,128.5,119.4,129,119.9,129.4,120.5,129.8,121,130.3,121.5,130.7,122.1,131.1,122.7,131.6,132,123.8,132.4,124.4,132.8,125,133.2,125.6,133.6,126.2,134,126.7,134.3,127.3,134.7,127.8,135,128.3,135.2,128.8,135.5,129.2,135.6,129.6,135.8,129.9,135.9,130.2,136,130.4,136.1,130.6,136.1,130.8,136.2,131,136.2,131.1,136.2,131.3,136.2,131.4,136.2,131.5,136.2,131.6,136.1,131.7,136.1,131.8,136,131.9,136,132,135.9,132.1
Ghana,Africa,9565000,297.9,9374000,456.1,126.1,122.5,126.3,122.9,126.6,123.2,126.8,123.6,127.1,123.9,127.3,124.2,127.5,124.5,127.7,124.7,127.9,124.9,128,125.1,128.1,125.3,128.2,125.4,128.2,128.3,125.5,128.3,125.6,128.3,125.7,128.3,125.7,128.4,125.7,128.4,125.7,128.4,125.7,128.4,125.7,128.4,125.6,128.4,125.6,128.4,125.5,128.3,125.4,128.3,125.2,128.3,125.1,128.3,125,128.2,124.8,128.2,124.7,128.1,124.6,128.1,124.4,128.1,124.3,128,124.1,128,124,127.9,123.8,127.9,123.7,127.9,123.5,127.8,123.4,127.7,123.2,127.7,123.1
Greece,Europe,5539000,505.6,5603000,422.5,125.7,116.8,125.9,117.1,126,117.4,126.2,117.7,126.3,117.9,126.5,118.2,126.6,118.5,126.7,118.7,126.8,119,126.9,119.3,127,119.5,127.1,119.8,127.2,127.2,120.3,127.3,120.5,127.3,120.8,127.4,121,127.4,121.3,127.5,121.5,127.5,121.8,127.6,122.1,127.7,122.3,127.8,122.6,127.9,122.9,128,123.2,128,123.5,128.1,123.8,128.2,124,128.2,124.3,128.3,124.6,128.4,124.8,128.5,125.1,128.5,125.3,128.6,125.6,128.7,125.8,128.8,126,128.8,126.2,128.9,126.4,128.9,126.6,129,126.8,129,126.9
Grenada,Americas,50000,2.9,51000,3.3,132.1,126.8,131.9,126.6,131.6,126.4,131.4,126.2,131.2,126,131,125.7,130.8,125.5,130.5,125.3,130.3,125.1,130.1,124.9,129.9,124.7,129.7,124.5,129.6,129.4,124.2,129.3,124.1,129.1,124,129,123.9,128.9,123.8,128.8,123.8,128.8,123.7,128.7,123.7,128.7,123.7,128.6,123.7,128.6,123.6,128.5,123.6,128.5,123.6,128.4,123.7,128.4,123.7,128.3,123.7,128.3,123.7,128.3,123.7,128.2,123.7,128.2,123.8,128.2,123.8,128.2,123.8,128.2,123.9,128.2,123.9,128.2,123.9,128.2,124,128.1,124,128.1,124
Guatemala,Americas,5717000,138.4,5934000,126.6,125,119.9,124.9,119.9,124.8,119.8,124.7,119.7,124.6,119.6,124.6,119.4,124.5,119.3,124.3,119.2,124.2,119.1,124.1,119,124,119,123.9,118.9,123.8,123.7,118.8,123.6,118.8,123.6,118.8,123.5,118.8,123.5,118.9,123.4,118.9,123.4,119,123.4,119,123.4,119.1,123.4,119.2,123.4,119.3,123.4,119.4,123.5,119.5,123.5,119.6,123.5,119.6,123.5,119.7,123.5,119.8,123.5,119.9,123.5,119.9,123.5,120,123.4,120.1,123.4,120.2,123.4,120.2,123.4,120.3,123.4,120.4,123.4,120.4,123.4,120.5,123.3,120.6
Guinea,Africa,4386000,188.5,4422000,211,132.4,132.8,132.4,132.8,132.4,132.7,132.5,132.7,132.5,132.6,132.4,132.5,132.4,132.4,132.4,132.3,132.3,132.1,132.2,132,132.1,131.8,132,131.6,131.9,131.8,131.2,131.7,131,131.5,130.8,131.4,130.6,131.3,130.4,131.2,130.2,131.1,130,131,129.8,130.9,129.6,130.8,129.4,130.7,129.2,130.7,129,130.6,128.8,130.6,128.6,130.5,128.4,130.5,128.2,130.4,128,130.4,127.8,130.3,127.6,130.2,127.3,130.1,127.1,130.1,126.9,130,126.7,129.8,126.4,129.7,126.2,129.6,125.9,129.5,125.7,129.3,125.4
Guinea-Bissau,Africa,608000,25.4,635000,27.2,130.6,128.3,130.7,128.4,130.8,128.6,130.9,128.7,131,128.8,131.1,128.9,131.1,129,131.2,129,131.2,129,131.1,129,131.1,129,131,128.9,130.9,130.8,128.7,130.7,128.6,130.6,128.5,130.5,128.3,130.5,128.2,130.4,128.1,130.3,128,130.2,127.8,130.2,127.7,130.1,127.5,130,127.3,130,127.1,129.9,126.9,129.8,126.7,129.8,126.5,129.7,126.3,129.6,126,129.6,125.8,129.5,125.6,129.4,125.3,129.3,125.1,129.3,124.9,129.2,124.7,129.1,124.5,129,124.3,128.9,124.1,128.8,123.9,128.7,123.7
Guyana,Americas,375000,24.5,379000,20.9,127.4,124,127.3,123.9,127.2,123.7,127,123.6,126.9,123.4,126.8,123.2,126.7,123.1,126.6,122.9,126.5,122.8,126.4,122.7,126.3,122.5,126.2,122.4,126.1,126,122.3,125.9,122.2,125.9,122.1,125.8,122.1,125.7,122.1,125.6,122,125.5,122,125.5,122,125.4,122,125.4,122,125.4,122,125.4,122.1,125.4,122.1,125.4,122.1,125.4,122.1,125.4,122.1,125.4,122.1,125.4,122.2,125.5,122.2,125.5,122.2,125.4,122.2,125.4,122.2,125.4,122.2,125.4,122.2,125.3,122.3,125.3,122.3,125.3,122.3,125.2,122.3
Haiti,Americas,4221000,297.2,4328000,302.4,127.5,124.3,127.5,124.3,127.4,124.4,127.4,124.4,127.3,124.4,127.2,124.4,127.1,124.4,127,124.3,126.9,124.3,126.7,124.2,126.6,124.1,126.5,124,126.3,126.2,123.9,126.1,123.8,125.9,123.7,125.8,123.7,125.7,123.6,125.7,123.5,125.6,123.5,125.5,123.4,125.4,123.3,125.3,123.2,125.3,123.2,125.2,123.1,125.1,122.9,125,122.8,124.9,122.7,124.9,122.6,124.8,122.5,124.7,122.4,124.6,122.3,124.5,122.2,124.5,122.1,124.4,122,124.3,121.9,124.3,121.9,124.2,121.8,124.1,121.7,124,121.7,124,121.6
Heard Island and McDonald Islands,Oceania,3244000,125.3,3280000,62.1,126.7,120.9,126.6,120.8,126.6,120.8,126.5,120.8,126.4,120.7,126.3,120.7,126.2,120.6,126.1,120.6,126.1,120.6,126,120.5,125.9,120.5,125.8,120.5,125.7,125.7,120.5,125.6,120.5,125.5,120.5,125.5,120.5,125.4,120.6,125.4,120.6,125.3,120.7,125.3,120.7,125.2,120.8,125.2,120.8,125.2,120.8,125.2,120.9,125.2,120.9,125.1,120.9,125.1,120.9,125.1,120.9,125.1,120.9,125,120.9,125,120.9,125,120.8,124.9,120.8,124.8,120.8,124.7,120.7,124.7,120.7,124.6,120.6,124.5,120.5,124.4,120.4,124.3,120.4
Hungary,Europe,4863000,742.9,5358000,642.2,134.9,125.1,134.9,125.3,135,125.6,135,125.8,135,126.1,135.1,126.3,135.1,126.6,135.1,126.8,135.2,127,135.2,127.2,135.2,127.4,135.2,127.6,135.2,135.3,128,135.3,128.2,135.4,128.4,135.5,128.7,135.5,128.9,135.6,129.2,135.7,129.4,135.8,129.7,135.9,129.9,136,130.2,136,130.4,136,130.6,136.1,130.7,136,130.9,136,131,136,131.2,135.9,131.3,135.9,131.4,135.8,131.5,135.8,131.5,135.7,131.6,135.7,131.7,135.6,131.8,135.6,131.8,135.5,131.9,135.4,131.9,135.3,132,135.2,132
Iceland,Europe,140000,7.5,140000,5.4,125.1,115.7,125.2,115.9,125.3,116.1,125.5,116.3,125.6,116.5,125.7,116.7,125.9,116.9,126,117.1,126,117.2,126.1,117.4,126.2,117.6,126.2,117.8,126.3,126.3,118.1,126.4,118.3,126.5,118.4,126.6,118.6,126.7,118.8,126.9,119,127,119.1,127.2,119.3,127.4,119.5,127.6,119.6,127.8,119.8,128,119.9,128.2,120.1,128.3,120.3,128.5,120.4,128.7,120.6,128.8,120.8,128.9,121,129.1,121.3,129.2,121.5,129.3,121.8,129.5,122,129.6,122.3,129.7,122.6,129.9,122.9,130.1,123.2,130.4,123.5,130.6,123.9
India,Asia,545514000,28392.1,507537000,21099,127.3,124.3,127.2,124.4,127.2,124.4,127.2,124.5,127.1,124.5,127.1,124.5,127,124.5,126.9,124.5,126.8,124.4,126.6,124.3,126.5,124.2,126.3,124,126.1,125.9,123.7,125.7,123.5,125.5,123.3,125.3,123.2,125.1,123,124.9,122.9,124.8,122.7,124.6,122.6,124.5,122.4,124.3,122.3,124.2,122.1,124.1,121.9,124,121.7,123.9,121.6,123.7,121.4,123.6,121.2,123.5,121,123.4,120.8,123.3,120.7,123.2,120.5,123.1,120.3,123,120.2,122.9,120,122.8,119.8,122.7,119.6,122.6,119.5,122.5,119.3,122.4,119.1
Indonesia,Asia,105868000,6990.4,105672000,6055,128,125.9,128.1,126,128.1,126.1,128.1,126.1,128.2,126.2,128.2,126.2,128.2,126.2,128.2,126.2,128.2,126.2,128.1,126.2,128,126.1,127.9,126,127.8,127.7,125.9,127.6,125.8,127.5,125.7,127.4,125.6,127.3,125.5,127.1,125.4,127,125.3,126.9,125.1,126.8,125,126.6,124.8,126.5,124.6,126.4,124.4,126.2,124.2,126.1,124,126,123.8,125.9,123.7,125.8,123.5,125.6,123.3,125.5,123.1,125.4,122.9,125.3,122.7,125.1,122.5,125,122.3,124.9,122.1,124.8,121.9,124.6,121.7,124.5,121.5,124.4,121.2
Iran (Islamic Republic of),Asia,33531000,2048.1,32601000,1838.7,123,118.2,123,118.5,123,118.7,123,118.9,123,119.2,123,119.4,123,119.6,123,119.8,123,120,123,120.2,122.9,120.5,122.9,120.7,122.9,122.9,121.1,122.9,121.3,122.9,121.5,122.9,121.7,123,121.9,123,122.1,123.1,122.3,123.2,122.5,123.3,122.7,123.4,122.8,123.5,123,123.6,123.2,123.7,123.3,123.8,123.5,123.9,123.6,124,123.7,124.1,123.9,124.2,124,124.3,124.1,124.3,124.2,124.4,124.2,124.4,124.3,124.4,124.3,124.4,124.3,124.4,124.4,124.4,124.4,124.4,124.4,124.4,124.3
Iraq,Asia,11890000,573.3,11676000,505,129.1,126.3,129.1,126.6,129.1,126.8,129.1,127,129,127.2,129,127.4,129,127.6,128.9,127.8,128.9,128,128.9,128.2,128.8,128.4,128.8,128.6,128.7,128.7,128.9,128.6,129.1,128.6,129.2,128.5,129.4,128.5,129.6,128.5,129.7,128.5,129.9,128.5,130,128.6,130.2,128.6,130.3,128.7,130.5,128.8,130.6,128.9,130.8,129,130.9,129.1,131,129.2,131.1,129.2,131.2,129.3,131.3,129.4,131.4,129.4,131.4,129.5,131.5,129.5,131.5,129.5,131.5,129.5,131.5,129.5,131.5,129.5,131.5,129.4,131.5,129.4,131.4
Ireland,Europe,1914000,138.4,1935000,100,128.7,118.3,129.1,118.7,129.6,119.1,130,119.5,130.4,119.9,130.8,120.4,131.2,120.8,131.6,121.2,132,121.6,132.3,122,132.6,122.3,132.8,122.7,133,133.2,123.3,133.3,123.6,133.4,123.8,133.4,124,133.4,124.2,133.5,124.4,133.5,124.6,133.5,124.7,133.6,124.8,133.6,124.9,133.6,125,133.7,125,133.7,125,133.8,125,133.8,125,133.8,125,133.8,125,133.9,125,133.9,125,133.9,125,133.9,125,133.8,125,133.8,125,133.7,125,133.6,125,133.6,124.9,133.5,124.9,133.3,124.9
Israel,Asia,2964000,129.5,3050000,102.1,124.1,116.6,124.3,117,124.5,117.3,124.6,117.7,124.8,118.1,125,118.5,125.2,118.9,125.3,119.3,125.5,119.7,125.6,120.1,125.8,120.4,125.9,120.8,126,126.1,121.6,126.2,121.9,126.3,122.3,126.5,122.7,126.6,123.1,126.8,123.4,127,123.8,127.2,124.1,127.4,124.4,127.6,124.8,127.9,125.1,128.1,125.4,128.4,125.7,128.6,126,128.8,126.2,129.1,126.5,129.3,126.7,129.5,126.9,129.7,127.2,129.9,127.4,130.1,127.6,130.3,127.7,130.5,127.9,130.7,128.1,130.9,128.3,131,128.4,131.2,128.6,131.4,128.8
Italy,Europe,27798000,2025.3,29496000,1795,127.7,119.6,128,120,128.3,120.4,128.6,120.7,128.9,121.1,129.2,121.5,129.5,121.9,129.7,122.3,130,122.6,130.2,122.9,130.4,123.3,130.6,123.6,130.7,130.9,124.2,131.1,124.4,131.2,124.7,131.4,125,131.5,125.2,131.7,125.5,131.8,125.7,132,126,132.1,126.2,132.3,126.4,132.4,126.6,132.5,126.8,132.6,127,132.7,127.2,132.8,127.4,132.9,127.5,132.9,127.7,133,127.9,133,128.1,133,128.3,133.1,128.5,133.1,128.7,133.1,128.9,133.1,129,133.1,129.2,133.1,129.4,133.1,129.5,133,129.7
Jamaica,Americas,1320000,58.2,1337000,51.2,126.5,123.4,126.4,123.4,126.3,123.3,126.2,123.3,126.1,123.2,126,123.2,125.8,123.1,125.7,123,125.6,123,125.5,122.9,125.4,122.9,125.3,122.8,125.2,125.1,122.8,125.1,122.8,125,122.8,125,122.8,125,122.8,125,122.8,125,122.9,125,122.9,125,123,125,123,125,123.1,125,123.2,125,123.2,125.1,123.3,125.2,123.4,125.2,123.4,125.3,123.5,125.4,123.6,125.5,123.7,125.6,123.8,125.6,123.9,125.7,123.9,125.7,124,125.7,124,125.7,124.1,125.7,124.1,125.7,124.1,125.7,124.2
Japan,Asia,62630000,3211.2,64904000,2621.3,125.6,116.8,125.7,117,125.8,117.2,125.8,117.4,125.9,117.6,126,117.8,126.1,118,126.2,118.2,126.2,118.4,126.3,118.6,126.4,118.8,126.6,119,126.7,126.8,119.5,127,119.8,127.2,120.1,127.4,120.5,127.7,120.9,127.9,121.2,128.2,121.6,128.4,122,128.7,122.4,129,122.8,129.2,123.1,129.5,123.5,129.8,123.8,130,124.1,130.3,124.5,130.6,124.8,130.9,125.2,131.3,125.6,131.7,126,132.1,126.5,132.5,127,132.9,127.4,133.3,127.9,133.7,128.4,134.1,128.9,134.5,129.3,134.9,129.8,135.3,130.2
Jordan,Asia,2645000,107,2458000,78.3,124.1,119.1,124,119.4,124,119.6,123.9,119.9,123.9,120.1,123.8,120.4,123.8,120.6,123.8,120.8,123.7,121.1,123.7,121.4,123.7,121.6,123.6,121.9,123.6,123.6,122.5,123.6,122.7,123.6,123,123.7,123.2,123.7,123.5,123.7,123.7,123.8,124,123.9,124.3,123.9,124.5,124,124.7,124.1,125,124.2,125.2,124.3,125.4,124.4,125.6,124.5,125.7,124.5,125.9,124.6,126,124.6,126.1,124.6,126.2,124.7,126.4,124.7,126.5,124.7,126.6,124.8,126.7,124.8,126.8,124.9,127,125,127.1,125.1,127.2,125.2,127.3
Kazakhstan,Asia,7243000,1076,7814000,815.9,133.1,126,132.8,125.9,132.6,125.9,132.4,125.9,132.1,125.9,131.9,125.9,131.7,125.9,131.5,126,131.2,126,131,126,130.8,126,130.7,126.1,130.5,130.4,126.1,130.3,126.2,130.3,126.3,130.2,126.3,130.2,126.4,130.2,126.5,130.2,126.6,130.2,126.7,130.2,126.8,130.3,127,130.3,127.1,130.3,127.2,130.3,127.4,130.4,127.5,130.4,127.6,130.4,127.8,130.4,127.9,130.5,128,130.5,128.1,130.5,128.2,130.5,128.3,130.5,128.5,130.6,128.6,130.6,128.7,130.5,128.8,130.5,128.9,130.5,129,130.4,129
Kenya,Africa,15619000,290,15831000,222.8,129.8,128.5,129.6,128.3,129.5,128,129.3,127.8,129.2,127.6,129,127.4,128.8,127.2,128.7,126.9,128.5,126.7,128.3,126.4,128.1,126.2,127.9,125.9,127.7,127.5,125.4,127.4,125.1,127.2,124.9,127.1,124.7,127,124.5,126.8,124.3,126.7,124.1,126.6,123.9,126.5,123.7,126.3,123.5,126.2,123.4,126.1,123.2,125.9,123,125.8,122.8,125.7,122.7,125.6,122.6,125.5,122.4,125.4,122.4,125.3,122.3,125.2,122.2,125.2,122.2,125.1,122.1,125.1,122,125,121.9,125,121.9,124.9,121.8,124.9,121.7,124.8,121.6
Kiribati,Oceania,42000,2.6,43000,1.9,129.5,122.4,129.4,122.2,129.2,121.9,129,121.7,128.8,121.4,128.7,121.2,128.5,120.9,128.3,120.7,128.1,120.5,127.9,120.2,127.8,120.1,127.6,119.9,127.4,127.3,119.6,127.1,119.5,126.9,119.4,126.8,119.3,126.6,119.2,126.5,119.1,126.4,119.1,126.3,119,126.2,119,126.2,119,126.1,119,126.1,119,126,119,126,119.1,126,119.1,126,119.1,126,119.1,126,119.2,125.9,119.2,125.9,119.2,125.9,119.3,125.9,119.3,125.9,119.3,125.9,119.4,125.9,119.4,125.8,119.4,125.8,119.4,125.7,119.4
Kuwait,Asia,1199000,45.9,852000,17.7,127.5,120.5,127.6,121,127.7,121.4,127.8,121.8,127.9,122.3,128,122.7,128.1,123.1,128.1,123.5,128.2,123.9,128.3,124.3,128.3,124.7,128.4,125.2,128.4,128.5,126,128.5,126.4,128.5,126.8,128.6,127.3,128.7,127.7,128.8,128.1,128.9,128.5,129.1,128.9,129.3,129.3,129.6,129.7,129.9,130.1,130.2,130.5,130.5,130.8,130.7,131.2,130.9,131.6,131.1,131.9,131.2,132.2,131.2,132.4,131.3,132.7,131.3,132.9,131.3,133.1,131.3,133.3,131.3,133.5,131.4,133.6,131.4,133.8,131.4,133.9,131.5,134.1,131.6,134.2
Kyrgyzstan,Asia,2433000,218.9,2488000,182,131.7,126.8,131.4,126.5,131.2,126.3,131,126.1,130.8,125.9,130.6,125.7,130.3,125.6,130.1,125.4,130,125.2,129.8,125.1,129.6,125,129.4,124.8,129.2,129.1,124.6,128.9,124.5,128.8,124.5,128.7,124.4,128.6,124.4,128.5,124.4,128.5,124.4,128.4,124.4,128.4,124.4,128.3,124.4,128.3,124.5,128.3,124.5,128.3,124.6,128.3,124.7,128.3,124.7,128.3,124.8,128.3,124.9,128.3,125,128.4,125.1,128.4,125.2,128.4,125.3,128.4,125.4,128.4,125.4,128.4,125.5,128.4,125.6,128.4,125.7,128.4,125.8,128.4,125.9
Lao People's Democratic Republic,Asia,2657000,138.2,2672000,167.4,123.9,120.9,124,121,124.1,121.1,124.1,121.2,124.2,121.3,124.3,121.4,124.3,121.4,124.4,121.4,124.4,121.4,124.4,121.4,124.4,121.4,124.3,121.4,124.3,124.2,121.2,124.2,121.2,124.1,121.1,124,121,123.8,120.9,123.7,120.7,123.6,120.6,123.5,120.5,123.3,120.4,123.2,120.2,123,120.1,122.9,119.9,122.8,119.7,122.6,119.6,122.5,119.4,122.3,119.2,122.1,119.1,122,118.9,121.8,118.7,121.6,118.5,121.5,118.3,121.3,118.1,121.1,118,121,117.8,120.8,117.6,120.7,117.4,120.5,117.2,120.3,117
Latvia,Europe,1096000,199,1289000,181.7,135.7,125,135.5,125.2,135.3,125.3,135.1,125.5,134.9,125.6,134.8,125.7,134.6,125.9,134.5,126.1,134.3,126.2,134.2,126.4,134.2,126.7,134.2,126.9,134.2,134.2,127.4,134.3,127.7,134.4,127.9,134.5,128.2,134.6,128.5,134.7,128.8,134.8,129.1,135,129.4,135.1,129.7,135.3,130,135.4,130.3,135.5,130.6,135.7,130.9,135.8,131.1,135.9,131.4,136,131.6,136.1,131.8,136.2,132,136.3,132.2,136.4,132.4,136.5,132.6,136.5,132.7,136.5,132.8,136.6,132.9,136.6,133.1,136.6,133.2,136.6,133.3,136.5,133.3
Lebanon,Asia,1605000,112.1,1630000,88.1,129.7,120.3,129.6,120.6,129.6,121,129.5,121.3,129.5,121.6,129.4,121.9,129.4,122.2,129.3,122.5,129.2,122.8,129.1,123.1,129.1,123.4,129,123.8,129,129,124.4,129,124.8,129.1,125.2,129.2,125.5,129.3,125.9,129.4,126.3,129.5,126.7,129.7,127.1,129.8,127.4,130,127.8,130.2,128.2,130.3,128.5,130.5,128.8,130.7,129.1,130.8,129.4,130.9,129.6,131,129.8,131,130,131.1,130.1,131.1,130.2,131.1,130.3,131,130.4,131,130.4,131,130.4,131,130.4,131,130.4,130.9,130.3,130.9,130.3
Lesotho,Africa,899000,32.3,969000,50.2,126.7,129.6,126.8,129.6,126.9,129.5,127,129.5,127.1,129.4,127.2,129.4,127.3,129.3,127.3,129.2,127.4,129.1,127.4,129,127.5,128.8,127.5,128.7,127.5,127.5,128.4,127.6,128.3,127.6,128.2,127.5,128,127.5,127.9,127.5,127.8,127.5,127.7,127.5,127.5,127.4,127.4,127.4,127.2,127.4,127.1,127.3,126.9,127.2,126.8,127.2,126.6,127.1,126.4,126.9,126.2,126.8,126,126.7,125.8,126.6,125.7,126.5,125.5,126.3,125.3,126.2,125.1,126,125,125.9,124.8,125.8,124.6,125.6,124.4,125.4,124.2,125.3,123.9
Liberia,Africa,1441000,46,1443000,44.4,130.7,129.2,130.8,129.2,130.8,129.3,130.9,129.4,131,129.5,131.1,129.5,131.2,129.5,131.2,129.6,131.2,129.5,131.2,129.5,131.2,129.5,131.2,129.4,131.2,131.1,129.4,131.1,129.3,131.1,129.3,131.1,129.3,131.1,129.4,131.2,129.4,131.2,129.5,131.2,129.6,131.3,129.6,131.3,129.7,131.3,129.7,131.3,129.6,131.2,129.5,131.1,129.2,131,129,130.9,128.8,130.8,128.5,130.7,128.3,130.6,128.1,130.6,127.9,130.5,127.7,130.4,127.5,130.3,127.3,130.2,127.1,130.1,126.9,130,126.7,129.9,126.5,129.9,126.3
Libya,Africa,2780000,155.1,2575000,126.3,133.8,128.9,133.7,129,133.5,129.2,133.4,129.3,133.2,129.4,133,129.6,132.8,129.7,132.7,129.8,132.5,129.9,132.3,130,132.1,130.1,131.9,130.2,131.8,131.6,130.5,131.5,130.6,131.4,130.7,131.3,130.8,131.3,130.9,131.3,131.1,131.3,131.3,131.4,131.4,131.5,131.6,131.6,131.8,131.7,132,131.9,132.2,132.1,132.4,132.2,132.6,132.4,132.8,132.5,132.9,132.6,133,132.7,133.1,132.7,133.2,132.7,133.2,132.7,133.2,132.7,133.2,132.7,133.2,132.7,133.1,132.6,133,132.5,132.9,132.4,132.7,132.3,132.4
Lithuania,Europe,1639000,215.8,1863000,196.9,137.3,127.1,137.2,127.3,137.1,127.5,137,127.6,136.8,127.8,136.8,128,136.7,128.2,136.6,128.4,136.4,128.6,136.3,128.8,136.3,129.1,136.2,129.3,136.2,136.2,129.8,136.2,130.1,136.3,130.4,136.4,130.7,136.5,131,136.6,131.4,136.7,131.7,136.8,132,136.9,132.3,137,132.5,137.1,132.8,137.2,133,137.2,133.3,137.3,133.5,137.3,133.6,137.4,133.8,137.4,133.9,137.4,134,137.4,134.1,137.3,134.2,137.3,134.2,137.2,134.3,137.1,134.3,137,134.3,136.9,134.2,136.7,134.2,136.6,134.1,136.4,134
Luxembourg,Europe,215000,14.1,221000,12.8,129.4,120.3,129.7,120.6,130,120.9,130.3,121.2,130.6,121.5,130.9,121.8,131.1,122.1,131.4,122.4,131.7,122.6,131.9,122.9,132.2,123.2,132.4,123.5,132.7,133.1,124.1,133.4,124.4,133.8,124.7,134.2,125,134.6,125.2,134.9,125.5,135.3,125.8,135.5,126.1,135.7,126.3,135.8,126.5,135.9,126.7,135.9,126.9,135.9,127.1,135.9,127.3,136,127.5,136.1,127.7,136.2,127.9,136.3,128.2,136.4,128.4,136.5,128.6,136.6,128.8,136.7,129,136.7,129.2,136.8,129.4,136.8,129.6,136.8,129.8,136.8,130,136.8,130.2
Madagascar,Africa,7850000,391.3,7916000,356.3,130.4,129.5,130.4,129.5,130.3,129.4,130.3,129.3,130.2,129.2,130.1,129.1,130,129,129.9,128.9,129.9,128.8,129.8,128.6,129.7,128.4,129.6,128.3,129.5,129.3,127.9,129.2,127.8,129.1,127.6,129,127.5,128.9,127.3,128.8,127.2,128.7,127,128.6,126.9,128.5,126.7,128.4,126.6,128.3,126.4,128.2,126.2,128.1,126,128,125.8,127.9,125.6,127.8,125.5,127.7,125.3,127.7,125.1,127.6,124.9,127.5,124.8,127.4,124.6,127.4,124.4,127.3,124.3,127.2,124.1,127.2,124,127.1,123.8,127.1,123.7,127,123.5
Malawi,Africa,5610000,200.4,5766000,156.1,134.8,132.5,134.6,132.2,134.4,131.9,134.2,131.7,134,131.4,133.8,131.2,133.5,130.9,133.3,130.6,133.1,130.3,132.8,130,132.6,129.7,132.3,129.4,132.1,131.8,128.8,131.6,128.5,131.3,128.2,131.1,128,130.9,127.7,130.7,127.5,130.5,127.2,130.3,127,130.1,126.7,130,126.5,129.8,126.2,129.7,126,129.5,125.8,129.4,125.5,129.3,125.3,129.2,125.1,129.1,124.9,129,124.7,128.9,124.5,128.8,124.3,128.8,124.1,128.7,124,128.6,123.8,128.6,123.7,128.5,123.5,128.4,123.3,128.4,123.2,128.3,123
Malaysia,Asia,11813000,512,11373000,388.2,130.3,126.3,130.2,126.3,130.2,126.2,130.1,126.2,130,126.2,129.9,126.1,129.8,126.1,129.7,126,129.6,126,129.5,125.9,129.4,125.8,129.2,125.7,129.1,128.9,125.5,128.7,125.3,128.5,125.2,128.4,125.1,128.2,125,128,124.9,127.8,124.8,127.7,124.8,127.5,124.7,127.4,124.6,127.3,124.5,127.2,124.4,127.1,124.4,127.1,124.3,127.1,124.3,127,124.3,127,124.2,127,124.2,127,124.2,127,124.1,127,124.1,127,124,126.9,124,126.9,123.9,126.8,123.8,126.8,123.7,126.8,123.6,126.7,123.5
Maldives,Asia,142000,7.3,138000,4.7,128.6,125.6,128.5,125.5,128.5,125.3,128.4,125.1,128.3,125,128.2,124.8,128.1,124.5,128,124.3,127.8,124.1,127.7,123.8,127.5,123.6,127.3,123.3,127.1,126.9,122.8,126.7,122.5,126.4,122.2,126.2,122,126,121.8,125.8,121.6,125.6,121.4,125.4,121.2,125.2,121.1,125,120.9,124.9,120.7,124.7,120.6,124.6,120.5,124.4,120.3,124.3,120.2,124.2,120,124.1,119.9,123.9,119.7,123.8,119.6,123.7,119.4,123.6,119.2,123.5,119.1,123.4,118.9,123.3,118.7,123.2,118.5,123.1,118.3,122.9,118,122.8,117.8
Mali,Africa,5440000,238,5527000,339.2,127.1,126.8,127.1,126.9,127.2,126.9,127.2,127,127.3,127.1,127.3,127.1,127.3,127.1,127.3,127.1,127.3,127.1,127.3,127,127.3,127,127.3,126.9,127.2,127.2,126.7,127.2,126.6,127.1,126.5,127.1,126.4,127.1,126.3,127.1,126.2,127,126.1,127,126,127,125.9,127,125.8,127,125.7,127,125.5,127,125.4,127,125.2,127,125,127,124.8,126.9,124.6,126.9,124.4,126.8,124.2,126.7,124,126.6,123.8,126.5,123.6,126.4,123.4,126.2,123.2,126.1,123,126,122.8,125.9,122.6,125.8,122.3
Malta,Europe,198000,13.6,199000,11.6,128.4,118.9,128.7,119.4,129,119.8,129.2,120.3,129.5,120.7,129.8,121.2,130,121.6,130.3,122.1,130.5,122.5,130.7,123,130.9,123.4,131.1,123.8,131.3,131.5,124.7,131.6,125.1,131.8,125.5,132,126,132.1,126.4,132.3,126.8,132.4,127.3,132.6,127.7,132.8,128.2,133,128.6,133.2,129,133.4,129.5,133.6,129.9,133.9,130.4,134.1,130.8,134.4,131.2,134.7,131.6,134.9,132.1,135.2,132.5,135.4,132.9,135.7,133.3,135.8,133.7,136,134,136.2,134.4,136.3,134.8,136.4,135.1,136.5,135.5,136.6,135.8
Mauritania,Africa,1354000,41.1,1355000,44.1,131.3,127.9,131.4,128.1,131.6,128.3,131.8,128.5,131.9,128.7,132.1,128.9,132.2,129,132.3,129.1,132.4,129.2,132.4,129.3,132.4,129.3,132.4,129.4,132.4,132.4,129.4,132.4,129.4,132.4,129.3,132.4,129.3,132.4,129.3,132.5,129.3,132.5,129.2,132.5,129.2,132.5,129.1,132.5,129,132.5,128.9,132.5,128.8,132.5,128.6,132.4,128.4,132.3,128.2,132.2,128,132.1,127.7,132,127.5,131.8,127.2,131.7,126.9,131.5,126.6,131.4,126.3,131.2,126,131.1,125.7,130.9,125.4,130.8,125.1,130.6,124.7,130.5,124.4
Mauritius,Africa,588000,53.6,597000,38.1,130.4,126.5,130.2,126.3,130,126.1,129.8,125.9,129.5,125.7,129.3,125.5,129.1,125.3,128.9,125.1,128.7,124.9,128.4,124.7,128.2,124.5,127.9,124.3,127.7,127.5,124,127.3,123.8,127.1,123.7,126.9,123.6,126.8,123.5,126.7,123.5,126.6,123.4,126.5,123.4,126.5,123.4,126.4,123.4,126.4,123.4,126.4,123.4,126.4,123.4,126.5,123.4,126.5,123.5,126.6,123.5,126.7,123.6,126.8,123.7,126.9,123.9,127.1,124,127.2,124.2,127.4,124.3,127.5,124.5,127.7,124.6,127.8,124.8,127.9,124.9,128.1,125.1,128.2,125.2
Mexico,Americas,50507000,1224.4,51213000,1060.3,127.5,123.1,127.4,123,127.2,122.8,127,122.7,126.8,122.6,126.6,122.5,126.5,122.4,126.3,122.3,126.1,122.2,126,122.1,125.9,122.1,125.8,122.2,125.8,125.8,122.3,125.9,122.5,125.9,122.6,126,122.8,126.1,123,126.2,123.2,126.3,123.4,126.4,123.7,126.5,123.9,126.6,124.1,126.7,124.4,126.8,124.6,126.9,124.8,126.9,125,127,125.2,127.1,125.5,127.2,125.7,127.3,125.9,127.3,126.1,127.4,126.3,127.4,126.6,127.4,126.8,127.4,126.9,127.4,127.1,127.4,127.3,127.4,127.4,127.4,127.5,127.4,127.7
Micronesia (Federated States of),Oceania,54000,2.8,53000,2.8,129.5,124.9,129.3,124.6,129.1,124.2,128.9,123.8,128.7,123.5,128.5,123.1,128.3,122.8,128.1,122.4,127.9,122.1,127.7,121.8,127.6,121.5,127.4,121.2,127.3,127.1,120.8,127,120.6,126.9,120.5,126.8,120.3,126.7,120.2,126.6,120.2,126.5,120.1,126.4,120.1,126.3,120,126.2,120,126.2,120,126.1,120,126.1,120.1,126,120.1,126,120.2,126,120.2,126,120.3,125.9,120.4,125.9,120.5,125.9,120.6,125.9,120.7,125.9,120.8,125.9,120.9,125.8,121,125.8,121.2,125.8,121.3,125.8,121.4,125.8,121.5
Mongolia,Asia,1196000,101.5,1202000,89.8,133.4,126.5,133.3,126.5,133.3,126.6,133.2,126.6,133.1,126.7,133.1,126.7,133,126.7,132.9,126.7,132.7,126.7,132.6,126.7,132.5,126.7,132.4,126.6,132.3,132.2,126.6,132,126.6,131.9,126.6,131.8,126.6,131.7,126.6,131.6,126.7,131.6,126.7,131.5,126.8,131.5,126.9,131.4,127,131.4,127,131.4,127.1,131.4,127.2,131.4,127.3,131.5,127.4,131.5,127.5,131.6,127.5,131.6,127.6,131.7,127.7,131.7,127.7,131.7,127.8,131.7,127.8,131.7,127.9,131.7,127.9,131.7,127.9,131.7,128,131.8,128,131.7,128
Montenegro,Europe,303000,34.7,311000,32.6,135,125.3,134.9,125.4,134.8,125.6,134.7,125.8,134.6,126,134.5,126.1,134.4,126.3,134.3,126.5,134.1,126.6,134,126.8,133.9,126.9,133.7,127,133.5,133.2,127.2,133,127.3,132.7,127.4,132.5,127.5,132.3,127.7,132.1,127.8,131.9,127.9,131.8,128,131.7,128.1,131.7,128.2,131.6,128.3,131.6,128.3,131.5,128.4,131.5,128.4,131.5,128.5,131.4,128.5,131.3,128.4,131.3,128.4,131.2,128.4,131.1,128.4,131,128.3,130.9,128.2,130.7,128.2,130.6,128.1,130.4,128,130.3,127.9,130.1,127.8,130,127.7
Morocco,Africa,14294000,911.1,14556000,890.5,127.7,124.4,127.7,124.6,127.7,124.8,127.6,125,127.6,125.2,127.5,125.3,127.4,125.5,127.4,125.7,127.3,125.8,127.3,126,127.2,126.2,127.1,126.3,127.1,127,126.6,126.9,126.7,126.9,126.8,126.8,126.9,126.7,127,126.7,127.1,126.6,127.2,126.6,127.3,126.6,127.3,126.5,127.4,126.5,127.5,126.5,127.5,126.5,127.6,126.5,127.6,126.5,127.6,126.5,127.6,126.5,127.6,126.5,127.5,126.5,127.5,126.5,127.5,126.5,127.4,126.4,127.3,126.4,127.3,126.4,127.2,126.4,127.1,126.3,127,126.3,126.9,126.3,126.8
Mozambique,Africa,8666000,373.3,9401000,390.7,133.6,132.3,133.6,132.3,133.5,132.2,133.5,132.1,133.4,132,133.4,131.9,133.3,131.8,133.3,131.6,133.2,131.5,133.1,131.3,133,131.1,132.8,130.9,132.7,132.5,130.5,132.3,130.3,132.2,130.1,132,129.9,131.9,129.7,131.7,129.5,131.6,129.3,131.4,129.1,131.3,128.9,131.2,128.6,131,128.4,130.9,128.1,130.8,127.8,130.6,127.5,130.5,127.2,130.4,126.9,130.2,126.6,130.1,126.3,130,126.1,129.8,125.8,129.7,125.5,129.6,125.2,129.4,124.9,129.3,124.7,129.2,124.4,129.1,124.2,128.9,123.9,128.8,123.6
Myanmar,Asia,22520000,966.9,23576000,1106.2,126.2,123.1,126.1,123,126,122.9,125.9,122.8,125.8,122.7,125.6,122.6,125.5,122.5,125.3,122.4,125.2,122.3,125.1,122.1,124.9,122,124.8,121.9,124.6,124.5,121.6,124.3,121.5,124.2,121.4,124.1,121.3,124,121.2,123.9,121.1,123.8,121,123.7,120.9,123.6,120.8,123.5,120.7,123.5,120.6,123.4,120.5,123.3,120.4,123.2,120.4,123.1,120.3,123.1,120.2,123,120.2,123,120.1,122.9,120.1,122.9,120,122.9,120,122.8,119.9,122.8,119.9,122.7,119.8,122.7,119.8,122.6,119.7,122.6,119.6,122.5,119.5
Namibia,Africa,929000,37.1,971000,37.7,129.4,125.3,129.6,125.6,129.8,125.9,129.9,126.3,130.1,126.6,130.2,126.8,130.3,127.1,130.5,127.3,130.6,127.5,130.6,127.7,130.7,127.8,130.7,128,130.7,130.7,128.1,130.7,128.1,130.6,128.2,130.6,128.2,130.6,128.2,130.6,128.2,130.6,128.2,130.6,128.1,130.5,128.1,130.5,128,130.5,127.9,130.4,127.8,130.4,127.7,130.4,127.6,130.3,127.4,130.3,127.2,130.2,127.1,130.1,126.9,130.1,126.7,130,126.5,129.9,126.3,129.8,126.1,129.7,125.8,129.6,125.6,129.5,125.4,129.4,125.2,129.3,124.9,129.2,124.7
Nepal,Asia,11806000,652.1,11935000,448.3,127.8,125,127.5,124.8,127.1,124.6,126.8,124.3,126.5,124.1,126.1,123.9,125.8,123.7,125.5,123.4,125.2,123.2,124.9,123,124.6,122.8,124.3,122.6,124.1,123.8,122.1,123.6,122,123.3,121.8,123.1,121.6,122.9,121.4,122.8,121.2,122.6,121.1,122.5,120.9,122.4,120.7,122.3,120.6,122.2,120.4,122.1,120.2,122,120.1,121.9,119.9,121.8,119.7,121.8,119.5,121.7,119.4,121.6,119.2,121.5,119,121.5,118.9,121.4,118.7,121.3,118.5,121.3,118.4,121.2,118.2,121.1,118,121.1,117.9,121,117.7,120.9,117.5
Netherlands,Europe,7889000,528.4,8037000,422.4,128.6,120.4,128.9,120.7,129.2,121,129.5,121.3,129.7,121.6,130,121.9,130.3,122.1,130.5,122.4,130.7,122.6,130.9,122.9,131,123.1,131.2,123.3,131.3,131.4,123.6,131.5,123.8,131.6,123.9,131.6,124,131.7,124.1,131.8,124.3,131.9,124.4,132,124.4,132,124.5,132.1,124.6,132.2,124.6,132.3,124.7,132.4,124.8,132.6,124.8,132.7,124.9,132.9,125,133,125.1,133.2,125.2,133.3,125.4,133.4,125.5,133.6,125.7,133.7,125.9,133.8,126.1,133.9,126.3,134.1,126.4,134.2,126.6,134.3,126.8,134.4,127
New Zealand,Oceania,1894000,111.9,1965000,88,126.1,116.9,126.2,117.1,126.3,117.4,126.4,117.6,126.5,117.9,126.6,118.1,126.8,118.3,126.9,118.6,127,118.8,127.1,119.1,127.2,119.3,127.3,119.6,127.5,127.7,120.1,127.9,120.4,128.1,120.7,128.4,120.9,128.6,121.2,128.9,121.5,129.1,121.7,129.3,122,129.5,122.2,129.7,122.5,129.9,122.7,130.1,122.9,130.3,123.1,130.4,123.3,130.6,123.5,130.8,123.7,131,123.9,131.1,124.2,131.3,124.4,131.5,124.7,131.7,124.9,131.9,125.2,132.1,125.5,132.2,125.8,132.4,126,132.5,126.3,132.6,126.6,132.7,126.8
Nicaragua,Americas,2487000,79.1,2540000,81,126.8,122.5,126.8,122.5,126.8,122.5,126.7,122.5,126.7,122.5,126.7,122.5,126.6,122.5,126.6,122.5,126.6,122.5,126.5,122.5,126.5,122.5,126.5,122.5,126.5,126.5,122.6,126.5,122.7,126.6,122.7,126.6,122.8,126.6,122.9,126.6,123,126.7,123.1,126.7,123.2,126.8,123.3,126.8,123.4,126.9,123.5,127,123.6,127,123.7,127.1,123.8,127.2,123.8,127.2,123.9,127.3,124,127.3,124.1,127.4,124.2,127.4,124.3,127.5,124.3,127.5,124.4,127.5,124.5,127.5,124.6,127.4,124.6,127.4,124.7,127.3,124.7,127.2,124.7
Niger,Africa,5635000,215.9,5718000,222.9,136,133.4,136.1,133.4,136.1,133.3,136.2,133.3,136.2,133.2,136.3,133.2,136.3,133.1,136.4,133,136.4,132.9,136.3,132.7,136.3,132.6,136.3,132.4,136.2,136.1,132,136.1,131.8,136,131.6,135.9,131.4,135.9,131.2,135.8,131,135.8,130.7,135.7,130.5,135.7,130.3,135.7,130.1,135.7,129.8,135.7,129.6,135.7,129.3,135.7,129.1,135.7,128.9,135.7,128.6,135.7,128.4,135.7,128.1,135.6,127.9,135.6,127.7,135.5,127.4,135.5,127.2,135.4,127,135.4,126.7,135.3,126.5,135.2,126.3,135.1,126,135.1,125.8
Nigeria,Africa,61685000,2475.7,60667000,2882.7,125.1,121.8,125.4,122.3,125.7,122.8,126,123.2,126.3,123.6,126.6,124.1,126.8,124.4,127.1,124.8,127.3,125.2,127.5,125.5,127.7,125.7,127.8,126,127.9,128.1,126.4,128.2,126.6,128.2,126.7,128.3,126.8,128.4,126.9,128.5,127,128.5,127,128.6,127,128.6,127,128.6,126.9,128.7,126.8,128.7,126.6,128.6,126.4,128.6,126.2,128.5,125.9,128.4,125.7,128.3,125.4,128.2,125.1,128,124.8,127.8,124.5,127.6,124.2,127.4,123.8,127.1,123.5,126.9,123.2,126.7,122.9,126.4,122.5,126.2,122.2,126,121.9
Norway,Europe,2229000,166.7,2270000,139.5,131,121.5,131.2,121.9,131.5,122.3,131.7,122.6,131.9,123,132.2,123.3,132.4,123.7,132.6,124,132.8,124.4,133,124.7,133.2,125.1,133.3,125.4,133.5,133.6,126.1,133.7,126.4,133.9,126.7,134,127,134.2,127.4,134.3,127.6,134.5,127.9,134.7,128.2,134.8,128.4,135,128.7,135.2,128.9,135.4,129.1,135.5,129.3,135.7,129.5,135.9,129.7,136,129.9,136.2,130.1,136.4,130.4,136.5,130.6,136.7,130.8,136.8,131.1,136.9,131.3,137,131.6,137.1,131.8,137.2,132,137.3,132.2,137.4,132.4,137.5,132.6
Oman,Asia,1273000,58.7,995000,35.4,131.8,122.6,131.7,123,131.6,123.3,131.6,123.6,131.5,123.9,131.4,124.2,131.3,124.5,131.2,124.7,131,125,130.9,125.3,130.8,125.6,130.6,125.8,130.5,130.4,126.4,130.3,126.6,130.2,126.9,130.1,127.1,130.1,127.4,130,127.6,130,127.8,130,128,130,128.1,130,128.2,130,128.3,130,128.4,130.1,128.5,130,128.5,130,128.5,130,128.4,130,128.4,129.9,128.3,129.8,128.2,129.7,128,129.6,127.9,129.5,127.7,129.4,127.5,129.3,127.3,129.2,127,129.1,126.8,129,126.5,128.9,126.2
Pakistan,Asia,71471000,4514.5,67052000,3041.8,129,127.3,128.8,127,128.5,126.8,128.2,126.6,127.9,126.3,127.6,126.1,127.3,125.9,127,125.6,126.7,125.4,126.4,125.2,126.1,125,125.8,124.7,125.6,125.3,124.3,125,124.2,124.8,124,124.6,123.8,124.4,123.7,124.2,123.5,124,123.4,123.9,123.3,123.7,123.1,123.6,123,123.5,122.9,123.4,122.8,123.3,122.7,123.2,122.7,123.2,122.6,123.1,122.5,123.1,122.5,123.1,122.4,123.1,122.3,123.1,122.3,123.1,122.3,123.1,122.2,123.1,122.2,123.1,122.1,123.2,122.1,123.2,122,123.2,122,123.3,121.9
Panama,Americas,1527000,46,1503000,33.6,127.9,121.7,127.8,121.7,127.7,121.7,127.7,121.7,127.6,121.6,127.5,121.6,127.4,121.6,127.3,121.6,127.3,121.6,127.2,121.6,127.2,121.6,127.2,121.6,127.2,127.2,121.7,127.2,121.8,127.2,121.9,127.2,122,127.2,122,127.2,122.1,127.2,122.2,127.3,122.3,127.3,122.4,127.3,122.5,127.3,122.6,127.3,122.7,127.3,122.8,127.4,122.9,127.4,123,127.4,123.1,127.4,123.2,127.5,123.3,127.5,123.4,127.5,123.5,127.5,123.6,127.4,123.6,127.4,123.7,127.4,123.8,127.4,123.9,127.4,124,127.3,124.1,127.3,124.2
Papua New Guinea,Oceania,2831000,156.9,2741000,134.2,126.7,125.2,126.5,124.9,126.3,124.5,126.2,124.2,126,123.9,125.8,123.6,125.6,123.3,125.5,123,125.3,122.7,125.2,122.4,125,122.1,124.8,121.8,124.7,124.6,121.2,124.4,121,124.3,120.7,124.2,120.4,124,120.2,123.9,119.9,123.7,119.6,123.6,119.3,123.5,119,123.3,118.7,123.1,118.4,123,118.1,122.8,117.7,122.6,117.4,122.4,117.1,122.2,116.7,122,116.4,121.8,116,121.6,115.7,121.4,115.4,121.2,115.1,121,114.8,120.8,114.5,120.6,114.2,120.5,113.9,120.3,113.6,120.1,113.3,119.8,113
Paraguay,Americas,2683000,122.6,2619000,105.3,129.4,122.6,129.4,122.6,129.3,122.6,129.3,122.5,129.3,122.5,129.3,122.5,129.3,122.5,129.2,122.5,129.2,122.4,129.2,122.4,129.2,122.5,129.1,122.5,129.1,129,122.5,129,122.5,128.9,122.6,128.8,122.6,128.7,122.6,128.6,122.7,128.5,122.7,128.4,122.7,128.3,122.8,128.2,122.8,128.1,122.8,128.1,122.8,128,122.8,127.9,122.8,127.9,122.8,127.8,122.7,127.8,122.7,127.7,122.7,127.6,122.7,127.5,122.6,127.5,122.6,127.4,122.6,127.4,122.6,127.4,122.7,127.4,122.7,127.4,122.7,127.4,122.8,127.4,122.8
Peru,Americas,12951000,402,12964000,325.2,124.2,115.9,123.9,115.9,123.7,115.8,123.4,115.7,123.1,115.7,122.8,115.6,122.6,115.6,122.3,115.6,122.1,115.6,121.9,115.6,121.8,115.7,121.7,115.8,121.6,121.6,116.1,121.6,116.3,121.6,116.6,121.7,116.8,121.8,117.1,121.9,117.3,122.1,117.6,122.2,117.9,122.4,118.2,122.6,118.5,122.8,118.8,123,119,123.1,119.3,123.3,119.6,123.5,119.9,123.6,120.1,123.8,120.4,123.9,120.6,124.1,120.9,124.3,121.1,124.5,121.3,124.7,121.5,124.9,121.7,125.1,121.9,125.2,122.1,125.4,122.3,125.6,122.5,125.7,122.6
Philippines,Asia,39280000,2184.1,38711000,1585.3,125.7,120,125.6,119.7,125.4,119.5,125.3,119.2,125.1,119,125,118.8,124.8,118.5,124.7,118.3,124.5,118.1,124.3,117.9,124.2,117.7,124,117.6,123.9,123.7,117.3,123.6,117.3,123.5,117.2,123.4,117.2,123.3,117.2,123.3,117.2,123.2,117.3,123.2,117.3,123.2,117.4,123.1,117.4,123.1,117.5,123.1,117.5,123.1,117.5,123.1,117.6,123,117.6,123,117.6,123,117.6,123,117.6,123,117.7,123,117.7,123.1,117.8,123.1,117.9,123.1,117.9,123.1,118,123.2,118.1,123.2,118.2,123.2,118.3,123.2,118.4
Poland,Europe,18715000,2151.2,19835000,1679.9,134.1,123.3,134.1,123.6,134.1,123.9,134.1,124.2,134,124.4,134,124.7,134,125,134,125.3,133.9,125.6,133.9,125.8,133.8,126.1,133.7,126.4,133.6,133.5,126.9,133.5,127.1,133.4,127.4,133.4,127.7,133.4,127.9,133.4,128.2,133.4,128.5,133.5,128.8,133.6,129.1,133.6,129.4,133.7,129.6,133.8,129.9,133.9,130.1,134,130.4,134.1,130.6,134.2,130.8,134.3,131,134.5,131.3,134.6,131.4,134.7,131.6,134.8,131.8,134.8,131.9,134.9,132.1,134.8,132.2,134.8,132.3,134.8,132.4,134.7,132.5,134.7,132.5
Portugal,Europe,4997000,425.2,5358000,386.1,127.8,118.3,128.2,118.9,128.6,119.5,129,120.2,129.4,120.8,129.8,121.4,130.2,122,130.6,122.6,130.9,123.2,131.2,123.7,131.4,124.3,131.6,124.8,131.8,131.9,125.7,132,126.1,132.1,126.5,132.1,126.8,132.1,127.2,132.1,127.5,132.1,127.8,132,128,132,128.3,131.9,128.5,131.8,128.7,131.8,128.8,131.7,129,131.6,129.1,131.6,129.1,131.5,129.2,131.4,129.2,131.3,129.2,131.2,129.2,131.1,129.1,131,129,130.8,128.9,130.7,128.8,130.5,128.7,130.4,128.6,130.2,128.5,130,128.4,129.8,128.2
Qatar,Asia,386000,7.9,206000,3.2,127.4,118.7,127.5,119.2,127.5,119.8,127.6,120.3,127.7,120.9,127.8,121.4,127.8,122,127.9,122.5,128,123,128,123.5,128.1,124,128.1,124.5,128.2,128.2,125.4,128.3,125.8,128.3,126.3,128.4,126.7,128.5,127.1,128.6,127.5,128.7,127.8,128.8,128.2,129,128.6,129.1,128.9,129.3,129.2,129.5,129.5,129.6,129.8,129.8,130.1,129.9,130.4,130.1,130.7,130.2,130.9,130.4,131.2,130.5,131.4,130.7,131.7,130.8,131.9,131,132.2,131.1,132.4,131.3,132.7,131.4,132.9,131.6,133.2,131.8,133.4,132,133.6
Romania,Europe,10825000,1728.3,11303000,1488.3,135.5,126.1,135.2,126.1,134.9,126.1,134.7,126.2,134.4,126.2,134.1,126.2,133.9,126.2,133.6,126.2,133.3,126.1,133.1,126.1,132.8,126.1,132.6,126.1,132.4,132.2,126.1,132.1,126.1,131.9,126.1,131.8,126.2,131.7,126.3,131.7,126.4,131.6,126.5,131.6,126.7,131.6,126.8,131.7,127,131.7,127.1,131.7,127.3,131.8,127.4,131.8,127.6,131.9,127.7,132,127.9,132.1,128,132.1,128.2,132.2,128.3,132.2,128.4,132.3,128.6,132.3,128.7,132.3,128.8,132.2,128.9,132.2,129,132.1,129.1,132.1,129.1,132,129.2
Russian Federation,Europe,68509000,15457,77887000,13014.9,130.3,122.7,130.4,123,130.4,123.4,130.4,123.7,130.4,124,130.5,124.3,130.5,124.7,130.5,125,130.5,125.3,130.6,125.6,130.6,125.9,130.6,126.3,130.7,130.8,126.9,130.9,127.2,131,127.5,131.1,127.8,131.2,128.1,131.4,128.5,131.5,128.8,131.7,129.1,131.8,129.4,132,129.7,132.2,130,132.3,130.3,132.5,130.6,132.7,130.8,132.8,131,132.9,131.2,133,131.3,133.1,131.5,133.1,131.6,133.2,131.6,133.2,131.7,133.2,131.7,133.2,131.7,133.1,131.7,133.1,131.7,133.1,131.6,133,131.6,132.9,131.5
Rwanda,Africa,3915000,193.8,4111000,228.8,127.6,126.3,127.6,126.3,127.6,126.2,127.7,126.2,127.7,126.2,127.7,126.1,127.7,126,127.6,125.9,127.6,125.8,127.5,125.7,127.5,125.5,127.4,125.4,127.2,127.1,125,127,124.8,126.9,124.6,126.7,124.4,126.5,124.2,126.4,123.9,126.2,123.7,126,123.4,125.9,123.2,125.7,122.9,125.5,122.6,125.3,122.3,125.2,122,125,121.8,124.9,121.6,124.8,121.3,124.6,121.1,124.5,120.9,124.3,120.7,124.2,120.4,124.1,120.2,123.9,120,123.8,119.8,123.6,119.6,123.5,119.4,123.4,119.2,123.2,119,123.1,118.8
Saint Lucia,Americas,77000,4.1,80000,4.2,131.5,125.8,131.3,125.5,131.1,125.3,130.9,125,130.8,124.8,130.6,124.6,130.4,124.3,130.3,124.1,130.1,123.9,129.9,123.7,129.7,123.6,129.5,123.4,129.4,129.2,123.2,129,123.1,128.9,123.1,128.8,123,128.6,123,128.5,123,128.3,123,128.2,122.9,128.1,122.9,127.9,122.9,127.8,122.9,127.7,122.9,127.6,122.9,127.5,122.9,127.4,122.9,127.3,122.9,127.3,122.9,127.2,123,127.2,123,127.2,123,127.1,123,127.1,123,127.1,123,127,123.1,127,123.1,126.9,123.1,126.9,123.1,126.9,123.1
Saint Vincent and the Grenadines,Americas,54000,2.5,54000,2.6,128.9,122.9,128.8,122.9,128.6,122.9,128.5,122.9,128.4,122.9,128.3,122.9,128.2,122.9,128,122.9,127.9,122.9,127.8,122.9,127.7,122.9,127.6,122.9,127.5,127.4,122.9,127.4,122.9,127.3,123,127.3,123,127.2,123,127.2,123.1,127.1,123.1,127.1,123.1,127,123.2,127,123.2,126.9,123.2,126.8,123.2,126.7,123.3,126.7,123.3,126.6,123.3,126.5,123.3,126.5,123.3,126.4,123.3,126.4,123.3,126.4,123.3,126.3,123.3,126.3,123.3,126.3,123.3,126.2,123.2,126.2,123.2,126.1,123.2,126,123.2,126,123.1
Samoa,Oceania,91000,5.8,84000,3.3,131,125.2,130.9,124.9,130.7,124.6,130.5,124.3,130.4,124,130.2,123.8,130,123.5,129.9,123.3,129.7,123,129.5,122.8,129.3,122.6,129.1,122.4,128.9,128.7,122,128.5,121.9,128.3,121.7,128.2,121.6,128,121.5,127.9,121.4,127.7,121.3,127.5,121.2,127.4,121.1,127.2,121,127,121,126.9,121,126.7,120.9,126.6,120.9,126.4,121,126.3,121,126.2,121,126.1,121.1,126,121.1,125.9,121.2,125.8,121.3,125.8,121.4,125.7,121.5,125.7,121.6,125.6,121.7,125.6,121.8,125.5,121.9,125.5,122
Sao Tome and Principe,Africa,69000,2.2,70000,2.8,134,131.4,134.1,131.5,134.2,131.7,134.3,131.8,134.4,131.9,134.5,132.1,134.6,132.1,134.6,132.2,134.7,132.2,134.6,132.2,134.6,132.2,134.6,132.2,134.5,134.4,132.1,134.3,132,134.3,132,134.2,131.9,134.1,131.9,134.1,131.8,134,131.7,134,131.6,133.9,131.5,133.9,131.4,133.9,131.3,133.8,131.1,133.8,130.9,133.7,130.8,133.7,130.6,133.6,130.4,133.6,130.2,133.5,130.1,133.5,129.9,133.4,129.8,133.4,129.6,133.4,129.5,133.3,129.4,133.3,129.3,133.3,129.1,133.2,129,133.1,128.8,133,128.7
Saudi Arabia,Asia,11309000,396.2,9455000,284,126.2,119.4,126.2,119.9,126.2,120.3,126.3,120.8,126.3,121.2,126.3,121.7,126.3,122.1,126.3,122.5,126.3,122.9,126.3,123.3,126.3,123.7,126.2,124.1,126.2,126.2,124.8,126.1,125.1,126.1,125.4,126.1,125.7,126.1,126,126.2,126.3,126.2,126.6,126.3,126.9,126.4,127.1,126.5,127.4,126.6,127.6,126.7,127.8,126.8,128,126.8,128.2,126.9,128.3,126.9,128.4,126.9,128.5,126.9,128.5,126.8,128.6,126.8,128.6,126.7,128.6,126.6,128.5,126.6,128.5,126.5,128.4,126.4,128.3,126.3,128.1,126.2,128,126.1,127.8
Senegal,Africa,4864000,191.9,5020000,204.6,130.4,128.6,130.6,128.7,130.7,128.9,130.8,129,130.9,129,131,129.1,131.1,129.2,131.2,129.2,131.3,129.3,131.4,129.3,131.4,129.3,131.4,129.3,131.4,131.4,129.2,131.4,129.2,131.4,129.2,131.4,129.1,131.4,129.1,131.3,129.1,131.3,129,131.3,129,131.3,128.9,131.2,128.9,131.2,128.8,131.2,128.7,131.1,128.6,131.1,128.5,131.1,128.4,131.1,128.3,131,128.2,131,128.1,131,128,130.9,127.8,130.8,127.7,130.8,127.6,130.7,127.4,130.6,127.3,130.5,127.1,130.4,126.9,130.2,126.7,130.1,126.5
Serbia,Europe,4656000,714.7,4832000,659.5,136.1,126.1,135.9,126.2,135.8,126.4,135.6,126.6,135.4,126.8,135.2,127,135,127.2,134.9,127.3,134.7,127.5,134.5,127.7,134.3,127.8,134.2,128,134,133.8,128.3,133.6,128.4,133.5,128.6,133.4,128.8,133.3,129,133.2,129.2,133.2,129.4,133.2,129.6,133.3,129.8,133.4,130,133.5,130.1,133.6,130.3,133.7,130.4,133.8,130.5,133.9,130.6,134,130.7,134.1,130.8,134.1,130.8,134.2,130.9,134.2,130.9,134.2,130.9,134.2,130.9,134.1,130.9,134.1,130.8,134,130.8,134,130.7,133.9,130.7,133.8,130.6
Seychelles,Africa,40000,2.9,41000,2.1,133.8,125.6,133.7,125.6,133.6,125.6,133.5,125.6,133.4,125.6,133.3,125.6,133.2,125.6,133.1,125.6,133,125.5,133,125.5,132.9,125.5,132.8,125.5,132.8,132.7,125.6,132.6,125.6,132.6,125.7,132.6,125.8,132.5,125.9,132.5,126,132.5,126.1,132.5,126.3,132.5,126.4,132.5,126.5,132.5,126.6,132.5,126.7,132.5,126.8,132.6,126.9,132.6,126.9,132.6,127,132.7,127.1,132.7,127.2,132.8,127.2,132.8,127.3,132.8,127.3,132.8,127.3,132.8,127.3,132.7,127.3,132.7,127.2,132.6,127.1,132.5,127,132.4,126.9
Sierra Leone,Africa,2253000,187.7,2311000,168.7,131.3,130.2,131.3,130.4,131.4,130.5,131.5,130.6,131.6,130.7,131.6,130.8,131.7,130.9,131.7,131,131.8,131,131.8,131.1,131.8,131.1,131.8,131.1,131.7,131.7,131,131.7,131,131.7,131,131.7,130.9,131.7,130.9,131.7,130.8,131.6,130.8,131.6,130.7,131.6,130.6,131.5,130.4,131.5,130.3,131.4,130.2,131.4,130,131.3,129.8,131.3,129.7,131.2,129.5,131.1,129.3,131,129.1,131,128.9,130.9,128.7,130.8,128.5,130.7,128.3,130.6,128,130.5,127.8,130.4,127.6,130.2,127.3,130.1,127,129.9,126.7
Singapore,Asia,1955000,90.5,1959000,67.5,122.1,115.7,122.5,116.1,122.8,116.5,123.2,116.9,123.6,117.3,123.9,117.7,124.3,118.1,124.6,118.4,124.8,118.8,125.1,119.1,125.3,119.4,125.5,119.7,125.6,125.8,120.4,125.9,120.7,126.1,121,126.2,121.3,126.4,121.6,126.6,121.9,126.7,122.2,126.8,122.5,127,122.8,127.1,123,127.2,123.3,127.3,123.5,127.4,123.8,127.5,124,127.7,124.3,127.8,124.6,128,124.8,128.1,125.1,128.3,125.4,128.5,125.7,128.8,126,129,126.3,129.2,126.7,129.5,127,129.7,127.3,129.9,127.7,130.2,128,130.4,128.3
Slovakia,Europe,2622000,315.4,2778000,262.5,132.4,120.1,132.4,120.4,132.4,120.7,132.4,121,132.4,121.3,132.4,121.6,132.4,121.8,132.4,122.1,132.4,122.4,132.4,122.7,132.3,122.9,132.3,123.2,132.3,132.3,123.7,132.2,123.9,132.2,124.2,132.3,124.5,132.3,124.8,132.3,125.1,132.4,125.4,132.4,125.7,132.5,125.9,132.6,126.2,132.7,126.5,132.8,126.7,132.8,126.9,132.9,127.1,132.9,127.3,133,127.4,133,127.6,133.1,127.7,133.1,127.8,133.1,127.9,133.1,127.9,133.1,128,133,128,133,127.9,132.9,127.9,132.8,127.9,132.8,127.8,132.7,127.7
Slovenia,Europe,971000,81.8,1018000,69.3,137.5,127,137.4,127,137.2,127.1,137,127.1,136.8,127.2,136.7,127.2,136.5,127.3,136.3,127.3,136.1,127.4,136,127.5,135.9,127.6,135.7,127.6,135.6,135.4,127.8,135.3,127.9,135.2,128.1,135.1,128.2,135,128.4,135,128.6,134.9,128.7,134.9,128.9,134.9,129.1,135,129.3,135,129.5,135.1,129.7,135.2,129.8,135.2,130,135.3,130.1,135.4,130.3,135.4,130.4,135.5,130.5,135.5,130.6,135.5,130.7,135.5,130.8,135.4,130.8,135.3,130.8,135.2,130.8,135.1,130.8,135,130.7,134.9,130.7,134.7,130.6
Solomon Islands,Oceania,212000,11.7,201000,9.9,123.7,125,123.6,124.7,123.5,124.4,123.4,124.2,123.3,123.9,123.2,123.6,123.1,123.3,123,123,123,122.8,122.9,122.5,122.8,122.2,122.8,122,122.8,122.7,121.5,122.7,121.3,122.7,121.1,122.7,120.9,122.6,120.7,122.6,120.6,122.5,120.4,122.5,120.2,122.4,120,122.3,119.9,122.3,119.7,122.2,119.5,122.1,119.3,122,119.2,121.8,119,121.7,118.8,121.6,118.6,121.5,118.4,121.3,118.3,121.2,118.1,121.1,117.9,120.9,117.8,120.8,117.6,120.6,117.5,120.5,117.3,120.3,117.2,120.2,117,120,116.9
Somalia,Africa,4516000,203.6,4495000,173.7,132.1,129.4,132.1,129.3,132,129.2,132,129.1,132,129,131.9,128.9,131.9,128.8,131.8,128.6,131.7,128.5,131.6,128.3,131.5,128.2,131.4,128,131.2,131,127.6,130.9,127.5,130.7,127.3,130.5,127.2,130.4,127,130.2,126.9,130.1,126.7,130,126.6,129.9,126.5,129.8,126.3,129.7,126.2,129.7,126.1,129.6,125.9,129.6,125.8,129.6,125.7,129.6,125.6,129.6,125.5,129.6,125.4,129.6,125.3,129.6,125.2,129.7,125.1,129.7,125,129.7,124.9,129.7,124.8,129.6,124.7,129.6,124.6,129.6,124.5,129.5,124.4
South Africa,Africa,22440000,995.3,23288000,900.9,127,123.1,127.2,123.4,127.4,123.7,127.6,124,127.8,124.2,128,124.5,128.2,124.8,128.4,125,128.6,125.2,128.7,125.5,128.9,125.7,129.1,125.9,129.3,129.5,126.3,129.7,126.6,129.8,126.8,130,127,130.2,127.3,130.4,127.6,130.6,127.9,130.8,128.1,130.9,128.4,131.1,128.6,131.2,128.8,131.2,129,131.3,129.1,131.3,129.2,131.3,129.3,131.3,129.3,131.3,129.3,131.3,129.3,131.2,129.3,131.2,129.3,131.1,129.2,131.1,129.2,131,129.1,130.9,129.1,130.9,129,130.8,129,130.7,128.9,130.6,128.9
Spain,Europe,20077000,1193.1,20826000,1010.8,127.2,116.9,127.4,117.1,127.7,117.4,127.9,117.7,128.1,117.9,128.4,118.2,128.6,118.4,128.7,118.7,128.9,119,129,119.2,129.1,119.4,129.1,119.7,129.1,129.1,120.1,129.1,120.4,129.1,120.6,129.1,120.9,129,121.1,129,121.4,129,121.7,129.1,122,129.1,122.3,129.2,122.6,129.2,123,129.3,123.3,129.4,123.7,129.6,124.1,129.7,124.4,129.9,124.8,130,125.1,130.2,125.5,130.4,125.9,130.5,126.2,130.7,126.5,130.8,126.8,130.9,127.1,131.1,127.4,131.2,127.7,131.3,128,131.4,128.3,131.5,128.5
Sri Lanka,Asia,9368000,614.9,9414000,379.3,127.6,123.7,127.5,123.5,127.4,123.4,127.3,123.2,127.2,123,127.1,122.9,127,122.7,126.9,122.5,126.8,122.4,126.6,122.2,126.5,122,126.3,121.8,126.1,126,121.5,125.8,121.3,125.6,121.2,125.5,121,125.3,120.9,125.2,120.8,125,120.7,124.9,120.5,124.8,120.4,124.6,120.3,124.5,120.1,124.4,120,124.3,119.9,124.2,119.8,124.2,119.7,124.1,119.6,124,119.5,124,119.4,123.9,119.3,123.9,119.3,123.9,119.2,123.8,119.2,123.8,119.2,123.8,119.2,123.7,119.1,123.7,119.1,123.7,119,123.6,119
Suriname,Americas,238000,17.8,234000,13.5,127.8,122.9,127.7,122.9,127.7,122.9,127.6,123,127.6,123,127.5,123.1,127.5,123.1,127.4,123.1,127.4,123.2,127.4,123.2,127.3,123.3,127.3,123.4,127.2,127.2,123.5,127.2,123.7,127.2,123.8,127.2,123.9,127.1,124.1,127.1,124.2,127.2,124.4,127.2,124.6,127.3,124.8,127.4,125,127.4,125.2,127.5,125.4,127.6,125.6,127.7,125.8,127.9,126,128,126.1,128.1,126.3,128.1,126.5,128.2,126.6,128.2,126.7,128.2,126.7,128.1,126.7,128,126.6,127.9,126.5,127.7,126.4,127.6,126.3,127.5,126.2,127.4,126.1
Sweden,Europe,4392000,380.9,4489000,314.6,127,117.7,127.5,118.2,127.9,118.7,128.4,119.2,128.9,119.6,129.3,120.1,129.7,120.5,130.2,121,130.6,121.4,130.9,121.8,131.3,122.2,131.6,122.5,131.9,132.1,123.2,132.3,123.5,132.6,123.7,132.8,124,133,124.2,133.1,124.5,133.3,124.7,133.4,124.9,133.5,125,133.6,125.1,133.7,125.3,133.8,125.4,133.9,125.5,134,125.6,134.1,125.7,134.3,125.8,134.4,126,134.6,126.2,134.7,126.4,134.9,126.6,135,126.8,135.1,127.1,135.3,127.3,135.4,127.5,135.5,127.8,135.5,128,135.6,128.2,135.7,128.4
Switzerland,Europe,3502000,211.3,3666000,184.8,125.7,115.3,125.9,115.6,126.1,115.9,126.4,116.2,126.6,116.6,126.8,116.9,127.1,117.2,127.3,117.6,127.5,117.9,127.7,118.2,127.9,118.6,128.1,118.9,128.3,128.5,119.6,128.8,120,129,120.4,129.3,120.8,129.6,121.2,129.8,121.6,130.1,121.9,130.3,122.3,130.5,122.6,130.7,122.9,130.9,123.1,131,123.3,131.1,123.5,131.2,123.6,131.2,123.7,131.2,123.8,131.2,123.9,131.2,123.9,131.3,124,131.3,124.1,131.3,124.3,131.3,124.4,131.4,124.6,131.4,124.8,131.5,125,131.5,125.2,131.6,125.4,131.6,125.6
Syrian Arab Republic,Asia,8302000,428.3,8109000,291.7,129,124.9,129,125.1,129,125.4,129,125.6,129,125.9,129,126.1,129,126.3,129,126.5,129,126.8,128.9,127,128.9,127.2,128.9,127.4,128.9,128.9,127.8,128.8,128,128.8,128.1,128.7,128.2,128.6,128.3,128.6,128.4,128.5,128.5,128.4,128.6,128.4,128.7,128.3,128.7,128.3,128.8,128.2,128.8,128.2,128.8,128.2,128.8,128.2,128.8,128.1,128.9,128.1,128.9,128,128.9,128,128.9,127.9,128.9,127.9,128.9,127.8,128.9,127.8,128.9,127.8,128.8,127.7,128.8,127.7,128.8,127.7,128.8,127.7,128.7
Tajikistan,Asia,3114000,149.4,3103000,138.6,130.6,127.3,130.4,127.1,130.2,127,130,126.8,129.8,126.6,129.6,126.5,129.4,126.3,129.2,126.2,129,126,128.8,125.9,128.7,125.8,128.5,125.6,128.4,128.3,125.4,128.2,125.3,128.1,125.2,128,125.1,127.9,125,127.8,125,127.8,125,127.7,125,127.7,125,127.6,125,127.6,125,127.5,125,127.5,125.1,127.5,125.1,127.5,125.2,127.5,125.2,127.5,125.3,127.5,125.3,127.5,125.4,127.6,125.4,127.6,125.5,127.6,125.6,127.6,125.7,127.6,125.8,127.7,125.9,127.7,125.9,127.7,126,127.7,126.1
Thailand,Asia,31096000,1434,31862000,1014.7,124.9,120.5,124.8,120.5,124.7,120.4,124.6,120.4,124.4,120.3,124.3,120.2,124.1,120,124,119.9,123.8,119.8,123.7,119.6,123.5,119.5,123.3,119.3,123.2,123,119,122.8,118.8,122.7,118.7,122.5,118.5,122.4,118.4,122.2,118.3,122,118.2,121.8,118.1,121.7,118,121.5,118,121.4,117.9,121.2,117.8,121.1,117.7,121,117.7,121,117.6,120.9,117.6,120.9,117.6,120.8,117.5,120.8,117.5,120.8,117.5,120.7,117.5,120.7,117.4,120.7,117.4,120.7,117.4,120.6,117.3,120.6,117.3,120.6,117.2,120.6,117.2
Timor-Leste,Asia,442000,19.8,430000,17.7,127.2,124.7,127.1,124.6,127.1,124.5,127.1,124.4,127,124.3,127,124.2,126.9,124,126.9,123.9,126.8,123.8,126.7,123.6,126.6,123.5,126.4,123.3,126.3,126.1,123,126,122.9,125.9,122.7,125.7,122.6,125.6,122.5,125.5,122.4,125.3,122.2,125.2,122.1,125.1,122,124.9,121.8,124.8,121.7,124.7,121.5,124.6,121.4,124.4,121.2,124.3,121,124.3,120.9,124.2,120.7,124.1,120.5,124,120.4,124,120.2,123.9,120.1,123.9,119.9,123.8,119.8,123.8,119.6,123.7,119.5,123.7,119.3,123.6,119.2,123.5,119
Togo,Africa,2465000,115.2,2505000,108.7,128.8,126.2,128.9,126.3,129.1,126.5,129.2,126.6,129.4,126.8,129.5,126.9,129.7,127,129.8,127.1,129.9,127.2,130,127.2,130,127.2,130.1,127.3,130.1,130.2,127.2,130.2,127.2,130.2,127.2,130.2,127.1,130.2,127.1,130.2,127,130.3,127,130.3,126.9,130.3,126.8,130.3,126.7,130.3,126.6,130.2,126.5,130.2,126.4,130.2,126.2,130.2,126.1,130.1,125.9,130.1,125.8,130,125.6,129.9,125.5,129.8,125.3,129.7,125.2,129.6,125,129.5,124.8,129.4,124.6,129.3,124.4,129.1,124.3,129,124,128.9,123.8
Tonga,Oceania,50000,2.2,48000,1.6,132.4,128.4,132.1,128,131.9,127.6,131.6,127.2,131.3,126.8,131.1,126.4,130.8,126,130.6,125.6,130.3,125.2,130.1,124.8,129.8,124.4,129.6,124.1,129.4,129.2,123.5,129,123.3,128.8,123,128.6,122.8,128.5,122.7,128.3,122.5,128.2,122.4,128,122.2,127.9,122.1,127.8,122.1,127.7,122,127.7,122,127.6,121.9,127.5,121.9,127.5,121.9,127.5,121.9,127.4,121.9,127.4,121.9,127.4,122,127.3,122,127.3,122.1,127.3,122.2,127.3,122.3,127.3,122.4,127.3,122.5,127.3,122.6,127.4,122.7,127.4,122.8
Trinidad and Tobago,Americas,631000,49.5,637000,39.1,129.3,123.2,129.1,122.9,128.9,122.6,128.7,122.3,128.5,122,128.3,121.7,128.1,121.4,127.9,121.1,127.6,120.8,127.4,120.6,127.2,120.3,127,120,126.8,126.6,119.6,126.4,119.4,126.2,119.3,126,119.1,125.9,119,125.7,118.9,125.6,118.8,125.5,118.7,125.4,118.6,125.3,118.5,125.2,118.4,125.1,118.3,125,118.3,124.9,118.3,124.8,118.2,124.7,118.2,124.6,118.2,124.4,118.2,124.3,118.2,124.1,118.2,124,118.2,123.8,118.2,123.7,118.2,123.6,118.2,123.5,118.2,123.4,118.2,123.3,118.2,123.2,118.2
Tunisia,Africa,4866000,328.9,4833000,221.5,126.5,122.1,126.5,122.4,126.4,122.7,126.4,123,126.4,123.4,126.4,123.7,126.4,124,126.3,124.3,126.3,124.6,126.2,124.9,126.2,125.2,126.2,125.5,126.1,126.1,126.2,126.1,126.5,126.1,126.8,126.2,127.1,126.2,127.4,126.3,127.7,126.3,128,126.4,128.2,126.4,128.5,126.5,128.7,126.6,128.9,126.6,129.1,126.7,129.2,126.7,129.4,126.7,129.5,126.8,129.6,126.8,129.6,126.8,129.7,126.9,129.7,126.9,129.7,126.9,129.7,126.9,129.7,126.9,129.7,126.9,129.7,126.9,129.6,126.9,129.5,126.9,129.5,126.9,129.4
Turkey,Asia,31144000,1934.4,32096000,1301.2,119.7,118,120,118.6,120.2,119.2,120.5,119.8,120.8,120.4,121.1,121,121.4,121.6,121.6,122.2,121.9,122.8,122.2,123.4,122.5,124,122.7,124.5,122.9,123.1,125.4,123.3,125.8,123.4,126.2,123.5,126.5,123.6,126.8,123.7,127.1,123.7,127.3,123.8,127.5,123.8,127.6,123.8,127.7,123.8,127.8,123.8,127.9,123.7,127.8,123.7,127.8,123.6,127.6,123.4,127.5,123.3,127.3,123.1,127.1,123,126.8,122.8,126.6,122.6,126.4,122.5,126.1,122.3,125.9,122.2,125.7,122,125.5,121.9,125.3,121.7,125.1,121.5,124.8
Turkmenistan,Asia,2223000,206.6,2293000,162,129.6,127.4,129.5,127.3,129.4,127.2,129.2,127.1,129.1,127,129,127,128.9,126.9,128.8,126.8,128.7,126.7,128.6,126.6,128.5,126.5,128.4,126.5,128.3,128.2,126.4,128.2,126.3,128.1,126.3,128.1,126.3,128,126.3,128,126.3,128,126.3,128,126.3,128,126.4,128,126.4,127.9,126.5,127.9,126.6,127.9,126.6,127.9,126.7,128,126.8,128,126.9,128,127,128,127.2,128.1,127.3,128.1,127.4,128.1,127.5,128.1,127.7,128.2,127.8,128.2,127.9,128.2,128.1,128.2,128.2,128.2,128.3,128.2,128.5
Uganda,Africa,11884000,382,12155000,300.1,128.6,126.1,128.6,126,128.6,125.8,128.6,125.6,128.6,125.5,128.5,125.3,128.5,125.1,128.5,124.9,128.4,124.7,128.3,124.5,128.3,124.3,128.2,124.1,128.1,128,123.8,127.9,123.6,127.8,123.4,127.8,123.3,127.6,123.1,127.5,123,127.4,122.8,127.3,122.6,127.2,122.5,127.1,122.3,127,122.1,126.9,121.9,126.8,121.8,126.7,121.6,126.6,121.4,126.5,121.2,126.4,121,126.3,120.9,126.2,120.7,126.1,120.6,126.1,120.4,126,120.3,125.9,120.1,125.8,120,125.7,119.9,125.6,119.7,125.5,119.6,125.4,119.4
Ukraine,Europe,22734000,4855.8,26106000,4721.4,135,127.5,134.8,127.6,134.6,127.7,134.4,127.8,134.2,127.9,134.1,128,133.9,128.1,133.7,128.1,133.6,128.2,133.4,128.3,133.3,128.4,133.2,128.5,133.1,133,128.7,133,128.8,133,128.9,133,129.1,133,129.2,133,129.4,133,129.6,133.1,129.7,133.2,129.9,133.2,130.1,133.3,130.3,133.4,130.5,133.5,130.7,133.6,130.8,133.7,131,133.8,131.1,133.9,131.2,133.9,131.4,134,131.5,134.1,131.6,134.1,131.6,134.1,131.7,134.2,131.8,134.2,131.8,134.2,131.9,134.2,131.9,134.2,132,134.2,132
United Arab Emirates,Asia,2129000,64,1026000,18.8,126.3,118.6,126.5,118.9,126.6,119.2,126.7,119.5,126.8,119.8,126.9,120.1,127,120.4,127,120.6,127.1,120.9,127.1,121.2,127.2,121.4,127.3,121.7,127.4,127.4,122.2,127.5,122.5,127.6,122.7,127.7,123,127.8,123.4,128,123.7,128.1,124,128.3,124.4,128.5,124.8,128.8,125.2,129.1,125.6,129.4,126.1,129.6,126.5,129.9,126.9,130.2,127.3,130.4,127.7,130.7,128.2,130.9,128.6,131.1,129,131.3,129.4,131.5,129.8,131.7,130.2,131.9,130.6,132.2,131,132.5,131.4,132.8,131.8,133.1,132.2,133.4,132.5
United Kingdom of Great Britain and Northern Ireland,Europe,28722000,2419.3,30229000,1999.5,125.9,117.2,126.4,117.8,126.9,118.4,127.3,118.9,127.8,119.5,128.2,120.1,128.7,120.6,129.2,121.2,129.6,121.8,130,122.3,130.4,122.9,130.9,123.5,131.3,131.7,124.6,132.1,125.2,132.4,125.7,132.7,126.1,133,126.5,133.2,126.9,133.4,127.2,133.5,127.4,133.6,127.5,133.6,127.6,133.5,127.6,133.4,127.5,133.2,127.3,133,127.1,132.8,126.9,132.5,126.7,132.3,126.4,132.1,126.2,131.9,125.9,131.6,125.7,131.4,125.5,131.2,125.3,131,125,130.8,124.8,130.5,124.6,130.3,124.4,130.1,124.2,129.9,124.1
United States of America,Americas,138883000,9513,143099000,8039.9,123.6,117.3,123.5,117.2,123.4,117.1,123.3,117,123.1,116.9,123,116.8,122.9,116.7,122.8,116.6,122.6,116.5,122.5,116.4,122.3,116.3,122.2,116.2,122.1,122.1,116.1,122,116,122,116,122.1,116,122.2,116,122.3,116.1,122.4,116.2,122.6,116.3,122.9,116.4,123.1,116.6,123.4,116.8,123.8,117.1,124.1,117.3,124.5,117.6,124.9,118,125.3,118.3,125.7,118.7,126.1,119.2,126.6,119.7,127,120.2,127.5,120.7,127.9,121.3,128.4,121.9,128.9,122.5,129.3,123.1,129.8,123.7,130.3,124.4,130.7,125
Uruguay,Americas,1607000,119,1714000,95.2,126.8,120.3,127,120.5,127.3,120.7,127.6,120.9,127.8,121.1,128.1,121.3,128.3,121.5,128.6,121.6,128.8,121.8,129,122,129.3,122.3,129.5,122.5,129.7,129.8,122.9,130,123.2,130.1,123.4,130.1,123.7,130.2,124,130.3,124.2,130.4,124.5,130.5,124.8,130.6,125.1,130.7,125.4,130.8,125.6,131,125.9,131.1,126.2,131.2,126.4,131.4,126.7,131.5,126.9,131.6,127.2,131.7,127.4,131.9,127.7,132,127.9,132.1,128.1,132.2,128.4,132.3,128.6,132.4,128.9,132.5,129.1,132.6,129.3,132.7,129.6,132.8,129.8
Uzbekistan,Asia,12357000,888.5,12492000,803.3,131.2,126.9,130.8,126.5,130.4,126.1,130,125.7,129.6,125.3,129.2,124.9,128.9,124.5,128.5,124.2,128.2,123.8,127.8,123.5,127.5,123.2,127.2,122.9,127,126.7,122.5,126.5,122.3,126.3,122.2,126.1,122.1,126,122,125.9,122,125.8,122,125.7,122,125.7,122,125.7,122.1,125.8,122.2,125.8,122.3,125.9,122.5,126,122.6,126,122.8,126.1,123,126.3,123.1,126.4,123.3,126.5,123.5,126.6,123.7,126.8,123.9,126.9,124.1,127,124.2,127.1,124.4,127.2,124.5,127.3,124.7,127.4,124.8,127.5,125
Vanuatu,Oceania,95000,5.4,90000,4,132.3,130.7,132.2,130.5,132.1,130.4,132,130.2,131.9,130,131.8,129.8,131.7,129.6,131.6,129.4,131.5,129.2,131.4,129,131.3,128.8,131.3,128.5,131.2,131.1,128.1,131,127.8,130.8,127.6,130.7,127.3,130.6,127.1,130.4,126.9,130.3,126.6,130.1,126.4,130,126.1,129.9,125.9,129.7,125.6,129.6,125.4,129.4,125.1,129.3,124.8,129.1,124.6,129,124.3,128.8,124.1,128.7,123.8,128.5,123.6,128.4,123.3,128.2,123.1,128.1,122.9,127.9,122.7,127.7,122.4,127.6,122.2,127.4,122,127.2,121.8,127,121.5
Venezuela (Bolivarian Republic of),Americas,12294000,576.7,12194000,380,124.6,118.5,124.9,118.9,125.1,119.2,125.4,119.5,125.6,119.9,125.9,120.2,126.1,120.5,126.4,120.9,126.6,121.2,126.9,121.6,127.2,122,127.4,122.3,127.7,128,123.1,128.2,123.5,128.5,123.9,128.7,124.2,128.9,124.6,129.1,124.9,129.3,125.2,129.5,125.5,129.6,125.8,129.7,126.1,129.8,126.4,129.9,126.6,130,126.9,130.1,127.1,130.1,127.3,130.2,127.4,130.2,127.6,130.1,127.8,130.1,127.9,130,128.1,130,128.2,129.9,128.3,129.7,128.5,129.6,128.6,129.5,128.6,129.4,128.7,129.2,128.8,129.1,128.8
Viet Nam,Asia,39551000,1826,40734000,1063.2,127.3,120.7,127.1,120.6,126.9,120.6,126.7,120.5,126.5,120.4,126.3,120.3,126.1,120.2,125.9,120.1,125.7,119.9,125.5,119.8,125.2,119.7,125,119.6,124.8,124.6,119.3,124.4,119.2,124.2,119.1,124,119,123.9,118.9,123.7,118.8,123.6,118.8,123.4,118.7,123.3,118.6,123.2,118.5,123,118.4,122.9,118.3,122.8,118.2,122.8,118.1,122.7,118.1,122.6,118,122.6,117.9,122.5,117.9,122.5,117.8,122.4,117.8,122.4,117.7,122.3,117.6,122.3,117.6,122.3,117.5,122.2,117.5,122.2,117.4,122.2,117.4,122.2,117.3
Yemen,Asia,9041000,693.5,8834000,649.4,129.1,126.4,128.9,126.5,128.8,126.5,128.7,126.6,128.5,126.6,128.4,126.6,128.2,126.7,128.1,126.7,127.9,126.7,127.7,126.7,127.5,126.7,127.4,126.7,127.2,127,126.6,126.8,126.6,126.7,126.5,126.6,126.5,126.4,126.4,126.3,126.3,126.2,126.3,126.1,126.2,126.1,126.1,126,126.1,125.9,126,125.8,125.9,125.7,125.8,125.6,125.7,125.5,125.6,125.4,125.4,125.3,125.3,125.2,125.1,125,125,124.9,124.8,124.8,124.7,124.7,124.5,124.6,124.4,124.5,124.2,124.4,124.1,124.3,123.9,124.3,123.7,124.2,123.6
Zambia,Africa,5208000,180.5,5323000,186.6,132.2,130,132,129.9,131.9,129.7,131.8,129.5,131.7,129.4,131.5,129.2,131.4,129,131.2,128.8,131.1,128.6,130.9,128.4,130.7,128.1,130.5,127.9,130.3,130.2,127.5,130,127.3,129.9,127.1,129.7,126.9,129.6,126.8,129.5,126.7,129.5,126.6,129.4,126.5,129.4,126.5,129.3,126.4,129.3,126.4,129.3,126.3,129.3,126.3,129.3,126.2,129.4,126.2,129.4,126.2,129.5,126.2,129.5,126.2,129.6,126.2,129.7,126.2,129.7,126.1,129.8,126.1,129.8,126,129.8,125.9,129.8,125.8,129.8,125.7,129.7,125.6,129.7,125.4
Zimbabwe,Africa,6007000,208.2,6215000,236.8,127.6,128.7,127.6,128.8,127.6,128.8,127.7,128.9,127.7,128.9,127.7,129,127.8,129,127.8,129.1,127.8,129.1,127.8,129.1,127.8,129.1,127.8,129.1,127.8,127.8,129.1,127.7,129,127.7,129,127.7,129,127.7,128.9,127.6,128.9,127.6,128.8,127.6,128.8,127.6,128.7,127.6,128.6,127.6,128.5,127.5,128.4,127.5,128.2,127.4,128,127.4,127.9,127.3,127.7,127.2,127.5,127.1,127.3,127.1,127.1,127,126.9,126.9,126.7,126.8,126.5,126.7,126.2,126.6,126,126.5,125.8,126.4,125.5,126.2,125.3,126.1,125
